DeepID,StdID,IntDes,LDate,Name,AltName,Owner,State,Mass,DryMass,Length,Diam,Span
D00001,A00016,1959 MU,1959 Jan  2,8K72E No. B1-6,8K72E,RVSN,RU,1472,1472,2.7,5,5
D00002,S00112,1959 MU 1,1959 Jan  2,AMS Luna-1,E-1 No. 4,OKB1,SU,205,205,0.8,2,0.8
D00003,S00113,1959 NU 1,1959 Mar  3,Pioneer 4,Pioneer 4,ABMA,US,7,7,0.2,0.6,0.6
D00004,A00018,1959 NU,1959 Mar  3,Cluster 12 Assembly 4,RTV Motor,ABMA,US,5,5,0.1,1.2,1.2
D00005,A00019,1959 NU,1959 Mar  3,Despin weight,-,JPL,US,0,0,?,1.5,?
D00006,A00020,1959 NU,1959 Mar  3,Despin weight,-,JPL,US,0,0,?,1.5,?
D00007,S00114,1959 XI 1,1959 Sep 12,AMS Luna-2,E-1 No. 7,OKB1,SU,205,205,0.8,2,0.8
D00008,A00033,1959 XI,1959 Sep 12,8K72E No. I1-7B,8K72E,RVSN,RU,1511,1511,2.7,5,5
D00009,S00021,1959 THE 1,1959 Oct  4,AMS Luna-3,E-2A,OKB1,SU,278,278,1.2,1.5,1.3
D00010,A00035,1959 THE,1959 Oct  4,8K72E No. I1-8,8K72E,RVSN,RU,1553,1553,2.7,5,5
D00011,S00027,1960 ALP 1,1960 Mar 11,Pioneer V,P-2,NASA,US,43,43,0.7,2.4,0.7
D00012,A00042,1960 ALP,1960 Mar 11,Altair SV 67,JATO X-248A7 SV 67,USAF,US,24,24,0.5,1.7,1.7
D00013,A00044,1960-U01,1960 Apr 15,8K72E No. L1-9,8K72E,RVSN,SU,1780.000?,1500,2.7,5,5
D00014,A00045,1960-U01,1960 Apr 15,[Luna-4],E-3 No. 1,NII88,SU,280.000?,280.000?,1.2,1.5,1.3
D00015,A00079,1961 GAM,1961 Feb 12,Blok-L No. L1-6B,Blok-L,RVSN,SU,5000.000?,900.000?,2.5,2.7,2.7
D00016,S00080,1961 GAM 1,1961 Feb 12,AMS Venera,1VA No. 2,OKB1,SU,620,620,1,3.000?,2
D00017,S00098,1961 KAP,1961 Mar 25,Explorer 10,P-14,GSFC,US,35,35,0.5,2.2,1.3
D00018,A00090,1961 KAP,1961 Mar 25,Altair,Altair X-248-A5?,GSFC,US,24,24,0.5,1.7,1.7
D00019,S00221,1962 ALP 1,1962 Jan 26,Ranger 3,NASA P-34,NASA/JPL,US,336,188,1.5,5.2,1
D00020,S00222,1962 ALP 2,1962 Jan 26,Agena B 6003,Agena B 6003,MSFC,US,715.000?,715,1.5,6.3,6.3
D00021,A00164,1962 ALP,1962 Jan 26,BE-3,Alcyone BE-3 S/N 204,NASA/JPL,US,90.000?,20.000?,0.4,0.9,0.9
D00022,A00165,1962 ALP,1962 Jan 26,Ranger Capsule 12,Ranger Capsule 12,NASA/JPL,US,58.000?,58,0.6,0.6,0.6
D00023,S00282,1962 MU 2,1962 Apr 23,Agena B 6004,Agena B 6004,MSFC,US,715.000?,715,1.5,6.3,6.3
D00024,S00280,1962 MU 1,1962 Apr 23,Ranger 4,Ranger 4,NASA/JPL,US,336,188,1.5,5.2,1
D00025,A00187,1962 MU,1962 Apr 23,BE-3,Alcyone BE-3 S/N 203,NASA/JPL,US,90.000?,20.000?,0.4,0.9,0.9
D00026,A00188,1962 MU,1962 Apr 23,Ranger Capsule 13,Ranger Capsule 13,NASA/JPL,US,58.000?,58,0.6,0.6,0.6
D00027,S00375,1962 A RHO 2,1962 Aug 27,Agena B 6902,Agena B 6902,MSFC,US,715.000?,715.000?,1.5,6.3,6.3
D00028,S00374,1962 A RHO 1,1962 Aug 27,Mariner 2,Mariner R-2,NASA/JPL,US,203,193.000?,1,5,3.4
D00029,S00440,1962 B ETA 2,1962 Oct 18,Agena B 6005,Agena B 6005,MSFC,US,600.000?,600.000?,1.5,6.3,6.3
D00030,S00439,1962 B ETA 1,1962 Oct 18,Ranger 5,Ranger 5,NASA/JPL,US,351,203,1,5,3.4
D00031,A00287,1962 B ETA,1962 Oct 18,BE-3,Alcyone BE-3,NASA/JPL,US,90.000?,20.000?,0.4,0.9,0.9
D00032,A00288,1962 B ETA,1962 Oct 18,Ranger Capsule 18,Ranger Capsule 18,NASA/JPL,US,58.000?,58,0.6,0.6,0.6
D00033,S00450,1962 B NU 3,1962 Nov  1,AMS Mars,2MV-4 No. 2,OKB1,SU,893,893,1.1,4,3.2
D00034,A00293,1962 B NU,1962 Nov  1,Blok-L No. T103-16,Blok-L,RVSN,SU,5000.000?,900.000?,2.5,2.7,2.7
D00035,A00328,1963-008,1963 Apr  2,Blok-L No. T103-11,Blok-L,RVSN,SU,5000.000?,900.000?,2.5,2.7,2.7
D00036,S00566,1963-008B,1963 Apr  2,Luna-4,E-6 No. 4,OKB1,SU,1422.000?,500.000?,1.5,2.6,2.6
D00037,A00330,1963-008A,1963 Apr  2,ALS,E-6 No. 4 SA,NII88,SU,82.000?,82,0.8,0.7,0.7
D00038,A00331,1963-008,1963 Apr  2,Otdelyaemiy otsek No. 1,Otdelyaemiy otsek No. 1,NII88,SU,50.000?,50.000?,0.3,0.7,0.7
D00039,A00332,1963-008,1963 Apr  2,Otdelyaemiy otsek No. 2,Otdelyaemiy otsek No. 2,NII88,SU,50.000?,50.000?,0.3,0.7,0.7
D00040,S00693,1963-046A,1963 Nov 27,IMP 1,IMP A,GSFC,US,63,63,0.7,2.5,0.3
D00041,A00419,1963-046,1963 Nov 27,Altair 2 X-258B2 RH-60,X-258B2 RH-60,LARCN,US,33.000?,33,0.5,1.5,1.5
D00042,A00420,1963-046,1963 Nov 27,Explorer 18 despin weight,-,GSFC,US,0,0,?,?,?
D00043,A00421,1963-046,1963 Nov 27,Explorer 18 despin weight,-,GSFC,US,0,0,?,?,?
D00044,S00747,1964-007A,1964 Jan 30,Ranger 6,RA-6,NASA/JPL,US,381,381,1.5,4.6,3
D00045,A00438,1964-007,1964 Jan 30,Agena B 6008,Agena B 6008,LERC,US,600.000?,600,1.5,6.3,6.3
D00046,A00454,1964-016,1964 Apr  2,Blok-L No. T15000-23,Blok-L,RVSN,SU,900.000?,900.000?,2.5,2.7,2.7
D00047,S00785,1964-016D,1964 Apr  2,Zond,3MV-1 No. 4,OKB52,SU,490,480.000?,1.1,3.000?,2.7
D00048,A00455,1964-016D,1964 Apr  2,Spuskaemiy apparat,3MV-1 No. 4 SA,NII88,SU,400.000?,400.000?,1,1,1
D00049,S00843,1964-041B,1964 Jul 28,Agena B 6009,Agena B 6009,LERC,US,600.000?,600,1.5,6.3,6.3
D00050,S00842,1964-041A,1964 Jul 28,Ranger 7,Ranger 7,NASA/JPL,US,365,365,1.5,4.6,3
D00051,S00879,1964-054A,1964 Sep  5,OGO 1,OGO A,GSFC,US,487,487,0.8,12.000?,1.7
D00052,A00535,1964-054,1964 Sep  5,Agena B 6501,Agena B 6501,LERC,US,700.000?,700.000?,1.5,6.3,6.3
D00053,A00576,1964-073A,1964 Nov  5,Agena D 6931,Agena D 6931,LERC,US,658,658,1.5,6.3,6.3
D00054,A00577,1964-073,1964 Nov  5,NASA AA PLF,Fairing,LERC,US,136.000?,136,1.5,5,5.000?
D00055,S00923,1964-073A,1964 Nov  5,Mariner 3,Mariner C-2,NASA/JPL,US,397,261,1.3,6.9,2.9
D00056,S00942,1964-077B,1964 Nov 28,Agena D 6932,Agena D 6932,LERC,US,658,658,1.5,6.3,6.3
D00057,S00938,1964-077A,1964 Nov 28,Mariner 4,Mariner C-3,NASA/JPL,US,261,251,1.3,6.9,2.9
D00058,S00945,1964-078C,1964 Nov 30,Zond-2,3MV-4A No. 2,OKB1,SU,890.000?,890.000?,1.1,3.700?,3.700?
D00059,A00596,1964-078,1964 Nov 30,Blok-L,Blok-L,RVSN,SU,900.000?,900.000?,2.5,2.7,2.7
D00060,S01087,1965-010B,1965 Feb 17,Agena B 6006,Agena B 6006,LERC,US,600.000?,600,1.5,6.3,6.3
D00061,S01086,1965-010A,1965 Feb 17,Ranger 8,RA-8,NASA/JPL,US,368,366,1.5,4.6,3
D00062,S01298,1965-023B,1965 Mar 21,Agena B 6007,Agena B 6007,LERC,US,600.000?,600,1.5,6.3,6.3
D00063,S01294,1965-023A,1965 Mar 21,Ranger 9,RA-9,NASA/JPL,US,368,367,1.5,4.6,3
D00064,A00692,1965-036,1965 May  9,Blok-L No. U103-30?,Blok-L,RVSN,SU,900.000?,900.000?,2.5,2.7,2.7
D00065,S01366,1965-036A,1965 May  9,Luna-5,E-6 No. 10,OKB1,SU,1371.000?,300.000?,1.5,2.6,2.6
D00066,A00695,1965-036,1965 May  9,ALS,E-6 No. 10 SA,NII88,SU,105.000?,105,0.8,0.7,0.7
D00067,A00696,1965-036,1965 May  9,Otdelyaemiy otsek No. 1,Otdelyaemiy otsek No. 1,NII88,SU,156.000?,156.000?,0.3,0.7,0.7
D00068,A00697,1965-036,1965 May  9,Otdelyaemiy otsek No. 2,Otdelyaemiy otsek No. 2,NII88,SU,156.000?,156.000?,0.3,0.7,0.7
D00069,S01388,1965-042A,1965 May 29,IMP 3,IMP C,GSFC,US,59,59,0.7,5,0.3
D00070,A00712,1965-042,1965 May 29,Altair 2 X-258C4,X-258C4,GSFC,US,33.000?,33,0.5,1.5,1.5
D00071,A00713,1965-042,1965 May 29,Explorer 28 despin weight,-,GSFC,US,0,0,?,?,?
D00072,A00714,1965-042,1965 May 29,Explorer 28 despin weight,-,GSFC,US,0,0,?,?,?
D00073,A00725,1965-044,1965 Jun  8,Blok-L No. U103-31,Blok-L,RVSN,SU,900.000?,900.000?,2.5,2.7,2.7
D00074,S01393,1965-044A,1965 Jun  8,Luna-6,E-6 No. 7,OKB1,SU,1442,280.000?,1.5,2.6,2.6
D00075,A00730,1965-044A,1965 Jun  8,ALS,E-6 No. 8 SA,NII88,SU,105.000?,105,0.8,0.7,0.7
D00076,A00731,1965-044,1965 Jun  8,Otdelyaemiy otsek No. 1,Otdelyaemiy otsek No. 1,NII88,SU,156.000?,156.000?,0.3,0.7,0.7
D00077,A00732,1965-044,1965 Jun  8,Otdelyaemiy otsek No. 2,Otdelyaemiy otsek No. 2,NII88,SU,156.000?,156.000?,0.3,0.7,0.7
D00078,A00749,1965-056,1965 Jul 18,Blok-L,Blok-L,RVSN,SU,900.000?,900.000?,2.5,2.7,2.7
D00079,S01454,1965-056A,1965 Jul 18,Zond-3,3MV-4 No. 3,OKB1,SU,960,960,1.1,3.700?,3.700?
D00080,S01503,1965-064A,1965 Aug 11,Surveyor D-2,Surveyor SD-2,NASA/JPL,US,945,945,1.3,2.8,2.8
D00081,A00771,1965-064,1965 Aug 11,Centaur AC-6,Centaur AC-6,NASA/JPL,US,1873,1873,3,8.6,8.6
D00082,A00795,1965-077,1965 Oct  4,Blok-L No. U103-27,Blok-L,RVSN,SU,900.000?,900.000?,2.5,2.7,2.7
D00083,S01610,1965-077A,1965 Oct  4,Luna-7,E-6 No. 11,OKB1,SU,1506,300.000?,1.5,2.6,2.6
D00084,A00799,1965-077A,1965 Oct  4,ALS,E-6 No. 11 SA,NII88,SU,150.000?,150.000?,0.8,0.7,0.7
D00085,A00800,1965-077,1965 Oct  4,Otdelyaemiy otsek No. 1,Otdelyaemiy otsek No. 1,NII88,SU,156.000?,156.000?,0.3,0.7,0.7
D00086,A00801,1965-077,1965 Oct  4,Otdelyaemiy otsek No. 2,Otdelyaemiy otsek No. 2,NII88,SU,156.000?,156.000?,0.3,0.7,0.7
D00087,A00820,1965-091,1965 Nov 12,Blok-L,Blok-L,RVSN,SU,5000.000?,900.000?,2.5,2.7,2.7
D00088,S01730,1965-091A,1965 Nov 12,Venera-2,3MV-4 No. 4,OKB1,SU,963,963,1.1,3.700?,3.700?
D00089,S01736,1965-092D,1965 Nov 16,Blok-L,Blok-L,RVSN,SU,900.000?,900.000?,2.5,2.7,2.7
D00090,S01733,1965-092A,1965 Nov 16,Venera-3,3MV-3 No. 1,OKB1,SU,960,560,1.1,3.700?,3.700?
D00091,A00890,1965-092,1965 Nov 16,Spuskaemiy apparat,3MV-3 No. 1 SA,MOM,SU,400.000?,400.000?,1,1,1
D00092,A00823,1965-099,1965 Dec  3,Blok-L No. U103-28,Blok-L,RVSN,SU,5000.000?,900.000?,2.5,2.7,2.7
D00093,S01810,1965-099A,1965 Dec  3,Luna-8,E-6 No. 12,OKB1,SU,1552.000?,350.000?,1.5,2.6,2.6
D00094,A00831,1965-099A,1965 Dec  3,ALS,E-6 No. 11 SA,NII88,SU,150.000?,150.000?,0.8,0.7,0.7
D00095,A00832,1965-099,1965 Dec  3,Otdelyaemiy otsek No. 1,Otdelyaemiy otsek No. 1,NII88,SU,156.000?,156.000?,0.3,0.7,0.7
D00096,A00833,1965-099,1965 Dec  3,Otdelyaemiy otsek No. 2,Otdelyaemiy otsek No. 2,NII88,SU,156.000?,156.000?,0.3,0.7,0.7
D00097,A00847,1965-105,1965 Dec 16,Altair 2 X-258C4 RH-90,X-258C4 RH-90,GSFC,US,33.000?,33,0.5,1.5,1.5
D00098,S01841,1965-105A,1965 Dec 16,Pioneer 6,Pioneer A,ARC,US,63,63,0.9,3.3,0.9
D00099,S02001,1966-006D,1966 Jan 31,Blok-L No. U103-32,Blok-L,RVSN,SU,900.000?,1000.000?,2.5,2.7,2.7
D00100,S01954,1966-006A,1966 Jan 31,Luna-9,E-6M No. 202 (13),IKI/BABTS,SU,1583,300.000?,0.6,2.7,2.7
D00101,A00866,1966-006A,1966 Jan 31,ALS Luna-9,E-6 No. 13 SA,NII88,SU,105.000?,105,0.6,1.6,1.1
D00102,A00868,1966-006,1966 Jan 31,Otdelyaemiy otsek No. 1,Otdelyaemiy otsek No. 1,NII88,SU,156.000?,156,0.3,0.7,0.7
D00103,A00869,1966-006,1966 Jan 31,Otdelyaemiy otsek No. 2,Otdelyaemiy otsek No. 2,NII88,SU,156.000?,156,0.3,0.7,0.7
D00104,S02130,1966-027D,1966 Mar 31,Blok-L No. N103-42,Blok-L,RVSN,SU,900.000?,1000.000?,2.5,2.7,2.7
D00105,S02126,1966-027A,1966 Mar 31,Luna-10,E-6S No. 206 ISL,TSKBEM,SU,1582,245,0.8,1.5,1.5
D00106,S02131,1966-027E,1966 Mar 31,Otdelyaemiy otsek No. 1,Otdelyaemiy otsek No. 1,TSKBEM,SU,156.000?,156,0.3,0.7,0.7
D00107,S02132,1966-027F,1966 Mar 31,Otdelyaemiy otsek No. 2,Otdelyaemiy otsek No. 2,TSKBEM,SU,156.000?,156,0.3,0.7,0.7
D00108,A00916,1966-027,1966 Mar 31,Luna-10 DU,E-6S No. 206,MOM,SU,1025.000?,350.000?,1.5,2.5,2.5
D00109,S02187,1966-045B,1966 May 30,Centaur AC-10,Centaur 1D,LERC,US,2000,2000,3,8.6,8.6
D00110,S02185,1966-045A,1966 May 30,Surveyor 1,Surveyor SC-1,NASA/JPL,US,986,270,2.2,4.3,2.9
D00111,A00946,1966-045,1966 May 30,Surveyor 1 radar,Surveyor SC-1 radar,NASA/JPL,US,5.000?,5,0.8,0.8,0.4
D00112,A00947,1966-045,1966 May 30,Star 37 S/N A21-26,TE-M-364-1 A21-26,NASA/JPL,US,629.000?,65,1,1.3,1.3
D00113,S02260,1966-058C,1966 Jul  1,FW4D,FW4D S/N 00001,GSFC,US,59,59,0.5,1.5,1.5
D00114,A00976,1966-058,1966 Jul  1,AIMP D despin weight,-,GSFC,US,0,0,?,1.000?,?
D00115,A00977,1966-058,1966 Jul  1,AIMP D despin weight,-,GSFC,US,0,0,?,1.000?,?
D00116,A00978,1966-058,1966 Jul  1,FW-4D yo weight,-,GSFC,US,0,0,?,1.000?,?
D00117,S02258,1966-058A,1966 Jul  1,Explorer 33,AIMP D,GSFC,US,94,57,0.7,4.4,0.5
D00118,A00981,1966-058,1966 Jul  1,Star 13 S/N 7,Star 13,GSFC,US,37.000?,6,0.3,0.6,0.6
D00119,S02394,1966-073A,1966 Aug 10,Lunar Orbiter I,Lunar Orbiter A,LARCN,US,380,261,2,5.3,2.1
D00120,S02395,1966-073B,1966 Aug 10,Agena D 6630,Agena D 6630,LERC,US,600,600,1.5,6.3,6.3
D00121,S02402,1966-075C,1966 Aug 17,FW4D,FW4D S/N 00002,GSFC,US,48,48,0.5,1.5,1.5
D00122,S02398,1966-075A,1966 Aug 17,Pioneer 7,Pioneer B,ARC,US,63,63,0.9,3.3,0.9
D00123,A01023,1966-078,1966 Aug 24,Otdelyaemiy otsek No. 2,Otdelyaemiy otsek No. 2,NII88,SU,156.000?,156,0.3,0.7,0.7
D00124,A01017,1966-078,1966 Aug 24,Blok-L No. N103-43,Blok-L,RVSN,SU,5000.000?,900.000?,2.5,2.7,2.7
D00125,S02406,1966-078A,1966 Aug 24,Luna-11,E-6LF No. 101,IKI/BABTS,SU,1640,1308,2.000?,4.500?,4.500?
D00126,A01022,1966-078,1966 Aug 24,Otdelyaemiy otsek No. 1,Otdelyaemiy otsek No. 1,NII88,SU,156.000?,156,0.3,0.7,0.7
D00127,S02426,1966-084B,1966 Sep 20,Centaur AC-7,Centaur 3D,LERC,US,2000,2000,3,8.6,8.6
D00128,S02425,1966-084A,1966 Sep 20,Surveyor 2,Surveyor SC-2,NASA/JPL,US,1004,292,2.2,4.3,2.9
D00129,A01042,1966-084,1966 Sep 20,Star 37 S/N A21-27,TE-364-1 A21-27,NASA/JPL,US,633.000?,66,1,1.3,1.3
D00130,A01043,1966-084,1966 Sep 20,Surveyor 2 Radar,Surveyor SC-2 Radar,NASA/JPL,US,5.000?,5,0.8,0.8,0.4
D00131,A01058,1966-094,1966 Oct 22,Blok-L No. N103-44,Blok-L,RVSN,SU,5000.000?,900.000?,2.5,2.7,2.7
D00132,S02508,1966-094A,1966 Oct 22,Luna-12,E-6LF No. 102,IKI/BABTS,SU,1620,1288,2.000?,4.500?,4.500?
D00133,A01059,1966-094,1966 Oct 22,Otdelyaemiy otsek No. 1,Otdelyaemiy otsek No. 1,NII88,SU,156.000?,156,0.3,0.7,0.7
D00134,A01060,1966-094,1966 Oct 22,Otdelyaemiy otsek No. 2,Otdelyaemiy otsek No. 2,NII88,SU,156.000?,156,0.3,0.7,0.7
D00135,S02513,1966-095B,1966 Oct 26,Centaur D AC-9,Centaur 8D,LERC,US,2000,2000,3,8.6,8.6
D00136,S02512,1966-095A,1966 Oct 26,Surveyor Model 3,Surveyor SM-3,NASA/JPL,US,726,726,1.1,2.4,2.4
D00137,S02535,1966-100B,1966 Nov  6,Agena D 6631,Agena D 6631,USAF,US,600,600,1.5,6.3,6.3
D00138,S02534,1966-100A,1966 Nov  6,Lunar Orbiter 2,Lunar Orbiter B,LARCN,US,380,261,2,5.3,2.1
D00139,A01097,1966-116,1966 Dec 21,Blok-L No. N103-45,Blok-L,RVSN,SU,900.000?,900.000?,2.7,9.4,9.4
D00140,S02626,1966-116A,1966 Dec 21,Luna-13,E-6M No. 205,IKI/BABTS,SU,1620,300.000?,0.6,2.7,2.7
D00141,A01102,1966-116,1966 Dec 21,Otdelyaemiy otsek No. 1,Otdelyaemiy otsek No. 1,NII88,SU,156.000?,156,0.3,0.7,0.7
D00142,A01103,1966-116,1966 Dec 21,Otdelyaemiy otsek No. 2,Otdelyaemiy otsek No. 2,NII88,SU,156.000?,156,0.3,0.7,0.7
D00143,A01104,1966-116A,1966 Dec 21,Luna-13 ALS,E-6M No. 205 SA,NII88,SU,112.000?,112,0.6,2.000?,1.1
D00144,A01118,1967-008,1967 Feb  5,Agena D 6632,Agena D 6632,LERC,US,600,600,1.5,6.3,6.3
D00145,S02666,1967-008A,1967 Feb  5,Lunar Orbiter 3,Lunar Orbiter C,LARCN,US,389,270.000?,2,5.3,2.1
D00146,A01137,1967-021,1967 Mar 10,Blok D No. 10L,11S824,RVSN,SU,1860.000?,1800,4.1,5.8,5.8
D00147,A01138,1967-021,1967 Mar 10,Kosmos-146 PAO,L-1 No. 2P PAO,MOM,SU,2880.000?,2000.000?,2,9.800?,4
D00148,S02705,1967-021A,1967 Mar 10,Kosmos-146,L-1 No. 2P,TSKBEM,SU,5680.000?,2800.000?,2,1.8,1.8
D00149,S02764,1967-035B,1967 Apr 17,Centaur D AC-12,Centaur D AC-12,LERC,US,2000,2000,3,8.6,8.6
D00150,S02756,1967-035A,1967 Apr 17,Surveyor 3,Surveyor SC-3,NASA/JPL,US,1036,302,2.2,4.3,2.9
D00151,A01154,1967-035,1967 Apr 17,Surveyor 3 Radar,Surveyor SC-3 Radar,NASA/JPL,US,5.000?,5,0.8,0.8,0.4
D00152,A01155,1967-035,1967 Apr 17,Star 37 S/N A22-8,TE-364-5 A22-8,NASA/JPL,US,655.000?,65,1,1.3,1.3
D00153,A08290,1967-035,1967 Apr 17,Surveyor 3 SMSS,Soil Mech. Surface Sampler,NASA/JPL,US,5.000?,5.000?,0.025,1.6,1.6
D00154,A01167,1967-041,1967 May  4,Agena D 6633,Agena D 6633,LERC,US,600,600,1.5,6.3,6.3
D00155,S02772,1967-041A,1967 May  4,Lunar Orbiter 4,Lunar Orbiter D,LARCN,US,389,270.000?,2,5.3,2.1
D00156,S02817,1967-051A,1967 May 24,IMP 4,IMP F,GSFC,US,74,74,0.7,4,0.3
D00157,A01183,1967-051,1967 May 24,FW4D S/N 40101,FW4D S/N 40101,GSFC,US,39,39,0.5,1.5,1.5
D00158,A01184,1967-051,1967 May 24,Explorer 34 despin weight,-,GSFC,US,0,0,?,?,?
D00159,A01185,1967-051,1967 May 24,Explorer 34 despin weight,-,GSFC,US,0,0,?,?,?
D00160,A01192,1967-058,1967 Jun 12,Blok-VL No. Ya716-70,Blok-VL,RVSN,SU,5000.000?,900.000?,2.5,2.7,2.7
D00161,S02840,1967-058A,1967 Jun 12,Venera-4,4V-1 No. 310,IKI/BABTS,SU,1106,723,1.1,3.700?,3.700?
D00162,A01254,1967-058,1967 Jun 12,Spuskaemiy apparat Veneri-4,SA,MOM,SU,383.000?,383,1,1,1
D00163,S02846,1967-060B,1967 Jun 14,Agena D 6933,Agena D 6933,LERC,US,600,600,1.5,6.3,6.3
D00164,S02845,1967-060A,1967 Jun 14,Mariner 5,Mariner 67-2,NASA/JPL,US,245,235,1.3,5.5,2.9
D00165,S02883,1967-068B,1967 Jul 14,Centaur D AC-11,Centaur D AC-11,LERC,US,2000,2000,3,8.6,8.6
D00166,S02875,1967-068A,1967 Jul 14,Surveyor 4,Surveyor SC-4,NASA/JPL,US,1042,299,2.2,4.3,2.9
D00167,A01211,1967-068,1967 Jul 14,Star 37 S/N A22-9,TE-364-5 A22-9,NASA/JPL,US,655.000?,65,1,1.3,1.3
D00168,A01212,1967-068,1967 Jul 14,Surveyor 4 Radar,Surveyor SC-4 Radar,NASA/JPL,US,5.000?,5,0.8,0.8,0.4
D00169,A01214,1967-070,1967 Jul 19,FW4D,FW4D S/N 00006,GSFC,US,45,45,0.5,1.5,1.5
D00170,A01215,1967-070,1967 Jul 19,AIMP E despin weight,-,GSFC,US,0,0,?,1.000?,?
D00171,A01216,1967-070,1967 Jul 19,AIMP E despin weight,-,GSFC,US,0,0,?,1.000?,?
D00172,S02884,1967-070A,1967 Jul 19,Explorer 35,AIMP E,GSFC,US,67,67,0.7,4.4,0.5
D00173,A01217,1967-070,1967 Jul 19,FW-4D yo weight,-,GSFC,US,0,0,?,1.000?,?
D00174,A01218,1967-070,1967 Jul 19,Star 13,Star 13,GSFC,US,37.000?,6,0.3,0.6,0.6
D00175,S02908,1967-075B,1967 Aug  1,Agena D 6634,Agena D 6634,LERC,US,600,600,1.5,6.3,6.3
D00176,S02907,1967-075A,1967 Aug  1,Lunar Orbiter 5,Lunar Orbiter E,LARCN,US,392,270.000?,2,5.3,2.1
D00177,A01235,1967-084,1967 Sep  8,Surveyor 5 Radar,Surveyor 5 Radar,NASA/JPL,US,5.000?,5,0.8,0.8,0.4
D00178,A01236,1967-084,1967 Sep  8,Star 37 S/N A21-28,TE-364-1 A21-28,NASA/JPL,US,632.000?,65,1,1.3,1.3
D00179,S02938,1967-084B,1967 Sep  8,Centaur D AC-13,Centaur D AC-13,LERC,US,2000,2000,3,8.6,8.6
D00180,S02937,1967-084A,1967 Sep  8,Surveyor 5,Surveyor 5,NASA/JPL,US,1006,289,2.2,4.3,2.9
D00181,S03034,1967-112B,1967 Nov  7,Centaur D AC-14,Centaur D AC-14,LERC,US,2000,2000,3,8.6,8.6
D00182,S03031,1967-112A,1967 Nov  7,Surveyor 6,Surveyor SC-6,NASA/JPL,US,1007,289,2.2,4.3,2.9
D00183,A01281,1967-112,1967 Nov  7,Star 37 S/N A21-29,TE-364-1 A21-29,NASA/JPL,US,632.000?,65,1,1.3,1.3
D00184,A01282,1967-112,1967 Nov  7,Surveyor 6 Radar,Surveyor SC-6 Radar,NASA/JPL,US,5.000?,5,0.8,0.8,0.4
D00185,A09453,2019-042,2019 Jul 22,Vikram,Chandrayaan-2 Lander,ISRO,IN,1471,599,1.2,5.000?,2.5
D00186,A09454,2019-042,2019 Jul 22,Pragyan,Chandrayaan-2 Rover,ISRO,IN,27,27,0.8,0.9,0.9
D00187,A01292,1967-123,1967 Dec 13,FW4D,FW4D S/N 2226-5,GSFC,US,40.000?,40.000?,0.5,1.5,1.5
D00188,S03066,1967-123A,1967 Dec 13,Pioneer 8,Pioneer C,ARC,US,65,65,0.9,3.3,0.9
D00189,S03092,1968-001B,1968 Jan  7,Centaur AC-15,Centaur 12D,LERC,US,2000,2000,3,8.6,8.6
D00190,S03091,1968-001A,1968 Jan  7,Surveyor 7,Surveyor SC-7,NASA/JPL,US,1038,305,2.2,4.3,2.9
D00191,A01304,1968-001,1968 Jan  7,Surveyor 7 Radar,Surveyor SC-7 Radar,NASA/JPL,US,5.000?,5,0.8,0.8,0.4
D00192,A01305,1968-001,1968 Jan  7,Star 37 S/N A22-14,TE-364-5 A22-14,NASA/JPL,US,655.000?,65,1,1.3,1.3
D00193,A01325,1968-013,1968 Mar  2,Blok D No. 14L,11S824,RVSN,SU,1800,1800,4.1,5.8,5.8
D00194,S03134,1968-013A,1968 Mar  2,Zond-4,L-1 No. 6L,TSKBEM,SU,5680.000?,2800.000?,2,1.8,1.8
D00195,A01326,1968-013,1968 Mar  2,Zond-4 PAO,L-1 No. 6L PAO,MOM,SU,2880.000?,2000.000?,2,9.800?,4
D00196,S03138,1968-014A,1968 Mar  4,OGO 5,OGO E,GSFC,US,611,611,0.8,18,1.7
D00197,S03145,1968-014B,1968 Mar  4,Agena D 6503,Agena D 6503,LERC,US,600,600,1.5,6.3,6.3
D00198,A01345,1968-027,1968 Apr  7,Blok-L No. Ya716-58,Blok-L,RVSN,SU,5000.000?,900.000?,2.5,2.7,2.7
D00199,S03178,1968-027A,1968 Apr  7,Luna-14,E-6LS No. 113,IKI/BABTS,SU,1700.000?,1368.000?,2.000?,4.500?,4.500?
D00200,A01346,1968-027,1968 Apr  7,Otdelyaemiy otsek No. 1,Otdelyaemiy otsek No. 1,TSMASH,SU,156.000?,156,0.3,0.7,0.7
D00201,A01347,1968-027,1968 Apr  7,Otdelyaemiy otsek No. 2,Otdelyaemiy otsek No. 2,TSMASH,SU,156.000?,156,0.3,0.7,0.7
D00202,A01423,1968-076,1968 Sep 14,Blok D No. 17,11S824 No. 17,RVSN,SU,1800,1800,4.1,5.8,5.8
D00203,S03394,1968-076A,1968 Sep 14,Zond-5,L-1 No. 9L,TSKBEM,SU,5680.000?,2800.000?,2,1.8,1.8
D00204,A01430,1968-076,1968 Sep 14,Zond-5 PAO,KTDU-53,MOM,SU,2880.000?,2000.000?,2,9.8,4
D00205,A01466,1968-100,1968 Nov  8,FW4D,FW4D,GSFC,US,40.000?,40.000?,0.5,1.5,1.5
D00206,S03533,1968-100A,1968 Nov  8,Pioneer 9,Pioneer D,ARC,US,67,67,0.9,3.3,0.9
D00207,A01467,1968-101,1968 Nov 10,Blok D No. 19,11S824 No. 19,RVSN,SU,1800,1800,4.1,5.8,5.8
D00208,S03535,1968-101A,1968 Nov 10,Zond-6,L-1 No. 12L,TSKBEM,SU,5680.000?,2800.000?,2,1.8,1.8
D00209,A01473,1968-101,1968 Nov 10,Zond-6 PAO,KTDU-53,MOM,SU,2880.000?,2000.000?,2,9.8,4
D00210,S03595,1968-109A,1968 Dec  5,HEOS 1,HEOS A1,ESRO,I-ESRO,109.000?,99,1.3,2.4,0.8
D00211,A01480,1968-109,1968 Dec  5,FW4D,FW4D,GSFC,US,40.000?,40.000?,0.5,1.5,1.5
D00212,A01481,1968-109,1968 Dec  5,HEOS 1 despin weight,-,ESRO,I-ESRO,1.000?,1.000?,?,4.000?,?
D00213,A01482,1968-109,1968 Dec  5,HEOS 1 despin weight,-,ESRO,I-ESRO,1.000?,1.000?,?,4.000?,?
D00214,A01556,1968-109,1968 Dec  5,S-16,HEOS-1 S-16 Barium Canister,ESRO,I-ESRO,8.000?,8,0.2,0.2,0.2
D00215,S03627,1968-118B,1968 Dec 21,Saturn S-IVB-503N,Saturn S-IVB-503N,MSFC,US,23532,11673,6.6,26.3,26.3
D00216,A01495,1968-118,1968 Dec 21,S-IU-503,S-IU-503/SLA-11A,MSFC,US,2834.000?,2834,6.6,6.6,0.9
D00217,S03626,1968-118A,1968 Dec 21,Apollo 8,Apollo CM-103,MSC,US,28816,5524,3.9,3.9,3.5
D00218,A01498,1968-118,1968 Dec 21,A7L-030,F. Borman,MSC,US,150.000?,50,0.5,2,2
D00219,A01499,1968-118,1968 Dec 21,A7L-037,J. Lovell,MSC,US,150.000?,50,0.5,2,2
D00220,A01500,1968-118,1968 Dec 21,A7L-031,W. Anders,MSC,US,150.000?,50,0.5,2,2
D00221,A01501,1968-118,1968 Dec 21,SLA-11A panel 1,SLA panel 1,MSC,US,288,288,5.2,8,8
D00222,A01502,1968-118,1968 Dec 21,LTA-B,LTA-B,MSC,US,9025.000?,9025,3,3.9,3.9
D00223,A01503,1968-118,1968 Dec 21,SLA-11A panel 2,SLA panel 2,MSC,US,288,288,4.2,6.4,6.4
D00224,A01504,1968-118,1968 Dec 21,SLA-11A panel 3,SLA panel 3,MSC,US,288,288,4.2,6.4,6.4
D00225,A01505,1968-118,1968 Dec 21,SLA-11A panel 4,SLA panel 4,MSC,US,288,288,4.2,6.4,6.4
D00226,A01509,1968-118,1968 Dec 21,Apollo 8 SM,Apollo SM-103,MSC,US,23292.000?,4839,3.9,6.7,6.7
D00227,S00837,1964-040B,1964 Jul 17,Vela 2B,Vela 2B,USAF,US,217.000?,125,1.4,1.4,1.4
D00228,A00515,1964-040,1964 Jul 17,BE-3 No. 3,B3A,USAF,US,90.000?,20.000?,0.4,0.9,0.9
D00229,A01510,1969-001,1969 Jan  5,Blok-VL No. 72,Blok-L,RVSN,SU,5000.000?,900.000?,2.5,2.7,2.7
D00230,S03642,1969-001A,1969 Jan  5,Venera-5,4V-1 No. 330,IKI/BABTS,SU,1130,725,1.1,3.700?,3.700?
D00231,A01582,1969-001,1969 Jan  5,SA Veneri-5,SA,MOM,SU,405.000?,405,1,1,1
D00232,A01511,1969-002,1969 Jan 10,Blok-VL No. 73,Blok-L,RVSN,SU,5000.000?,900.000?,2.5,2.7,2.7
D00233,S03648,1969-002A,1969 Jan 10,Venera-6,4V-1 No. 331,IKI/BABTS,SU,1130,725,1.1,3.700?,3.700?
D00234,A01583,1969-002,1969 Jan 10,SA Veneri-6,SA,MOM,SU,405.000?,405,1,1,1
D00235,S03760,1969-014B,1969 Feb 25,Centaur AC-20,Centaur 17D,LERC,US,2000,2000,3,8.6,8.6
D00236,S03759,1969-014A,1969 Feb 25,Mariner 6,Mariner 69-3,NASA/JPL,US,385,375,1.4,5.8,0.5
D00237,S03770,1969-018B,1969 Mar  3,Saturn S-IVB-504N,Saturn S-IVB-504N,MSFC,US,90983,11296,6.6,20.8,20.8
D00238,A01540,1969-018,1969 Mar  3,S-IU-504,S-IU-504,MSFC,US,2621.000?,2621,6.6,6.6,0.9
D00239,S03845,1969-030B,1969 Mar 27,Centaur AC-19,Centaur 16D,LERC,US,2000,2000,3,8.6,8.6
D00240,S03837,1969-030A,1969 Mar 27,Mariner 7,Mariner 69-2,NASA/JPL,US,383,373,1.4,5.8,0.5
D00241,S03943,1969-043B,1969 May 18,Saturn S-IVB-505N,Saturn S-IVB-505N,MSFC,US,15846,11553,6.6,20.8,20.8
D00242,A01588,1969-043,1969 May 18,S-IU-505,S-IU-505,MSFC,US,2561.000?,2561,6.6,6.6,0.9
D00243,S03948,1969-043C,1969 May 18,LM 4 DS,LM 4 DS,MSC,US,10189,1925,4.3,4.3,3.8
D00244,S03949,1969-043D,1969 May 18,Snoopy,LM 4 AS,MSC,US,3752,2378,4.3,3.2,3.2
D00245,A01589,1969-043,1969 May 18,SLA-13A panel 1,SLA,MSC,US,347.000?,347,4.2,6.4,6.4
D00246,A01590,1969-043,1969 May 18,SLA-13A panel 2,SLA,MSC,US,347.000?,347,4.2,6.4,6.4
D00247,A01591,1969-043,1969 May 18,SLA-13A panel 3,SLA,MSC,US,347.000?,347,4.2,6.4,6.4
D00248,A01592,1969-043,1969 May 18,SLA-13A panel 4,SLA,MSC,US,347.000?,347,4.2,6.4,6.4
D00249,A01593,1969-043,1969 May 18,A7L-047,T. Stafford,MSC,US,150.000?,50,0.5,2,2
D00250,A01594,1969-043,1969 May 18,A7L-043,J. Young,MSC,US,150.000?,50,0.5,2,2
D00251,A01595,1969-043,1969 May 18,A7L-044,E. Cernan,MSC,US,150.000?,50,0.5,2,2
D00252,A01602,1969-043,1969 May 18,Apollo 10 SM,Apollo SM-106,MSC,US,23220.000?,4608,3.9,6.7,6.7
D00253,S03941,1969-043A,1969 May 18,Charlie Brown,Apollo CM-106,MSC,US,28735,5505,3.9,3.9,3.5
D00254,S03990,1969-053A,1969 Jun 21,IMP 5,IMP G,GSFC,US,79,79,0.7,4.000?,0.3
D00255,S03993,1969-053B,1969 Jun 21,FW4D,FW4D S/N 2322-2,GSFC,US,40.000?,40.000?,0.5,1.5,1.5
D00256,A01608,1969-053,1969 Jun 21,Explorer 41 despin weight,-,GSFC,US,0,0,?,?,?
D00257,A01609,1969-053,1969 Jun 21,Explorer 41 despin weight,-,GSFC,US,0,0,?,?,?
D00258,A01615,1969-058,1969 Jul 13,Blok D No. 402L,11S824,RVSN,SU,1800,1800,4.1,5.8,5.8
D00259,S04036,1969-058A,1969 Jul 13,Luna-15 KT,E-8-5 No. 401,IKI/BABTS,SU,5700.000?,1360.000?,3.5,5.000?,1.5
D00260,A01631,1969-058,1969 Jul 13,Sbrasivaemiy otsek,Sbrasivaemiy otsek,MOM,SU,1000.000?,200.000?,2.5,2.5,1.8
D00261,A01632,1969-058,1969 Jul 13,Sbrasivaemiy otsek,Sbrasivaemiy otsek,MOM,SU,1000.000?,200.000?,2.5,2.5,1.8
D00262,A01633,1969-058A,1969 Jul 13,Luna-15 VA,VA,MOM,SU,39.000?,39,0.5,0.5,0.5
D00263,A01634,1969-058A,1969 Jul 13,Luna-15 VS,KR,MOM,SU,481.000?,176,2,2,0.5
D00264,S04040,1969-059B,1969 Jul 16,Saturn S-IVB-506,Saturn S-IVB-506,MSFC,US,13919,11340,6.6,20.8,20.8
D00265,A01625,1969-059,1969 Jul 16,A7L-056,A7L PGA  [Armstrong],MSC,US,150.000?,50,0.5,2,2
D00266,A01626,1969-059,1969 Jul 16,A7L-077,A7L PGA  [Aldrin],MSC,US,150.000?,50,0.5,2,2
D00267,A01627,1969-059,1969 Jul 16,A7L-056 PLSS,A7L PLSS  [Armstrong],MSC,US,36.000?,36,0.5,1,1
D00268,A01628,1969-059,1969 Jul 16,A7L-077 PLSS,A7L PLSS  [Aldrin],MSC,US,36.000?,36,0.5,1,1
D00269,A01629,1969-059,1969 Jul 16,EASEP PSEP,EASEP Pallet 1,MSC,US,51.000?,51,1.000?,1.000?,1.000?
D00270,A01630,1969-059,1969 Jul 16,EASEP LRRR,EASEP Pallet 2,MSC,US,24.000?,24,1.000?,1.000?,1.000?
D00271,A01635,1969-059,1969 Jul 16,LM 5 DS,LM 5 DS,MSC,US,10213.000?,2349,4.3,4.3,3.8
D00272,A01638,1969-059,1969 Jul 16,Apollo 11 SM,Apollo SM-107,MSC,US,23300.000?,3949,3.9,6.7,6.7
D00273,S04039,1969-059A,1969 Jul 16,Columbia,Apollo CM-107,MSC,US,28791,5380,3.9,3.9,3.5
D00274,S04041,1969-059C,1969 Jul 16,Eagle,LM 5 AS,MSC,US,15101,2878,4.3,3.2,3.2
D00275,A01619,1969-059,1969 Jul 16,A7L-033,A7L PGA [M. Collins],MSC,US,150.000?,50,0.5,2,2
D00276,A01620,1969-059,1969 Jul 16,S-IU-506,S-IU-506,MSFC,US,2579.000?,2579,6.6,6.6,0.9
D00277,A01621,1969-059,1969 Jul 16,SLA-14 Panel 1,SLA,MSC,US,292,292,4.2,6.4,6.4
D00278,A01622,1969-059,1969 Jul 16,SLA-14 Panel 2,SLA,MSC,US,292,292,4.2,6.4,6.4
D00279,A01623,1969-059,1969 Jul 16,SLA-14 Panel 3,SLA,MSC,US,292,292,4.2,6.4,6.4
D00280,A01624,1969-059,1969 Jul 16,SLA-14 Panel 4,SLA,MSC,US,292,292,4.2,6.4,6.4
D00281,A01647,1969-067,1969 Aug  7,Blok D No. 18L,11S824,RVSN,SU,1800,1800,4.1,5.8,5.8
D00282,S04062,1969-067A,1969 Aug  7,Zond-7,L-1 No. 11,TSKBEM,SU,5680.000?,2800.000?,2,1.8,1.8
D00283,A01653,1969-067,1969 Aug  7,Zond-7 PAO,KTDU-53,MOM,SU,2880.000?,2000.000?,2,9.8,4
D00284,S01459,1965-058B,1965 Jul 20,Vela 3B,Vela 3B,USAF,US,224.000?,132,1.4,1.4,1.4
D00285,A00754,1965-058,1965 Jul 20,BE-3 No. 1,B-3A,USAF,US,90.000?,20.000?,0.4,0.9,0.9
D00286,A01709,1969-099,1969 Nov 14,S-IU-507,S-IU-507,MSFC,US,2566.000?,2566,6.6,6.6,0.9
D00287,A01710,1969-099,1969 Nov 14,SLA-15 panel 1,SLA,MSC,US,293,293,4.2,6.4,6.4
D00288,A01711,1969-099,1969 Nov 14,SLA-15 panel 2,SLA,MSC,US,293,293,4.2,6.4,6.4
D00289,A01712,1969-099,1969 Nov 14,SLA-15 panel 3,SLA,MSC,US,293,293,4.2,6.4,6.4
D00290,A01713,1969-099,1969 Nov 14,SLA-15 panel 4,SLA,MSC,US,293,293,4.2,6.4,6.4
D00291,S04225,1969-099A,1969 Nov 14,Yankee Clipper,Apollo CM-108,MSC,US,28830,5572,3.9,3.9,3.5
D00292,S04226,1969-099B,1969 Nov 14,Saturn S-IVB-507,Saturn S-IVB-507,MSFC,US,17216,11254,6.6,20.8,20.8
D00293,S04246,1969-099C,1969 Nov 14,Intrepid,LM 6 AS,MSC,US,15235,2466,4.3,3.2,3.2
D00294,A01714,1969-099,1969 Nov 14,A7L-066,R. Gordon,MSC,US,150.000?,50,0.5,2,2
D00295,A01715,1969-099,1969 Nov 14,A7L-065,A7L PGA  [Conrad],MSC,US,150.000?,50,0.5,2,2
D00296,A01716,1969-099,1969 Nov 14,A7L-067,A7L PGA  [Bean],MSC,US,150.000?,50,0.5,2,2
D00297,A01717,1969-099,1969 Nov 14,A7L-065 PLSS,A7L PLSS [Conrad],MSC,US,36.000?,36,0.5,1,1
D00298,A01718,1969-099,1969 Nov 14,A7L-067 PLSS,A7L PLSS [Bean],MSC,US,36.000?,36,0.5,1,1
D00299,A01719,1969-099,1969 Nov 14,Apollo 12 ALSEP,ALSEP A-1,MSC,US,135.000?,135.000?,0.5,2,0.5
D00300,A01721,1969-099,1969 Nov 14,LM 6 DS,LM 6 DS,MSC,US,10359.000?,2637,4.3,4.3,3.8
D00301,A01725,1969-099,1969 Nov 14,Apollo 12 SM,Apollo SM-108,MSC,US,23247.000?,5969,3.9,6.7,6.7
D00302,S02765,1967-040A,1967 Apr 28,Vela 4A,Vela 4A,USAF,US,331,221,1.3,1.3,1.3
D00303,S02766,1967-040B,1967 Apr 28,Vela 4B,Vela 4B,USAF,US,348.000?,221,1.3,1.3,1.3
D00304,A00400,1963-039,1963 Oct 17,Heat shield,Vela heat shield,USAF,US,2.000?,2.000?,1.4,1.4,0.1
D00305,A00401,1963-039,1963 Oct 17,BE-3 No. 7,B3A,USAF,US,90.000?,20.000?,0.4,0.9,0.9
D00306,A00402,1963-039,1963 Oct 17,BE-3 No. 4,B3A,USAF,US,90.000?,20.000?,0.4,0.9,0.9
D00307,A00403,1963-039,1963 Oct 17,Heat shield,Vela heat shield,USAF,US,2.000?,2.000?,1.4,1.4,0.1
D00308,A00514,1964-040,1964 Jul 17,Heat shield,Vela heat shield,USAF,US,2.000?,2.000?,1.4,1.4,0.1
D00309,A00516,1964-040,1964 Jul 17,Heat shield,Vela heat shield,USAF,US,2.000?,2.000?,1.4,1.4,0.1
D00310,A01165,1967-040,1967 Apr 28,BE-3B1,BE-3B1,USAF,US,110.000?,10,0.4,0.9,0.9
D00311,A01166,1967-040,1967 Apr 28,BE-3B1-3,BE-3B1-3,USAF,US,110.000?,10,0.4,0.9,0.9
D00312,A01772,1970-029,1970 Apr 11,SLA-16 panel 1,SLA,MSC,US,291,291,4.2,6.4,6.4
D00313,A01773,1970-029,1970 Apr 11,SLA-16 panel 2,SLA,MSC,US,291,291,4.2,6.4,6.4
D00314,A01774,1970-029,1970 Apr 11,SLA-16 panel 3,SLA,MSC,US,291,291,4.2,6.4,6.4
D00315,A01775,1970-029,1970 Apr 11,SLA-16 panel 4,SLA,MSC,US,291,291,4.2,6.4,6.4
D00316,S04371,1970-029A,1970 Apr 11,Odyssey,Apollo CM-109,MSC,US,45931,5607,3.9,3.9,3.5
D00317,A01767,1970-029,1970 Apr 11,Apollo 13 SM,Apollo SM-109,MSC,US,23180.000?,4192,3.9,6.7,6.7
D00318,A01776,1970-029,1970 Apr 11,A7L-088,J. Swigert,MSC,US,150.000?,50,0.5,2,2
D00319,A01778,1970-029,1970 Apr 11,A7L-078,A7L PGA  [Lovell],MSC,US,150.000?,50,0.5,2,2
D00320,A01779,1970-029,1970 Apr 11,A7L-061,A7L PGA  [Haise],MSC,US,150.000?,50,0.5,2,2
D00321,A01780,1970-029,1970 Apr 11,A7L-078 PLSS,A7L PLSS [Lovell],MSC,US,36.000?,36,0.5,1,1
D00322,A01781,1970-029,1970 Apr 11,A7L-061 PLSS,A7L PLSS [Haise],MSC,US,36.000?,36,0.5,1,1
D00323,S04372,1970-029B,1970 Apr 11,Saturn S-IVB-508,Saturn S-IVB-508,MSFC,US,17038,11299,6.6,20.8,20.8
D00324,A01771,1970-029,1970 Apr 11,S-IU-508,S-IU-508,MSFC,US,2669.000?,2669,6.6,6.6,0.9
D00325,A01782,1970-029,1970 Apr 11,SM Bay 4 cover panel,-,MSC,US,45,45,1.7,3.9,3.9
D00326,A01777,1970-029,1970 Apr 11,Aquarius,LM 7 AS,MSC,US,4756.000?,2117,4.3,3.2,3.2
D00327,A01786,1970-029,1970 Apr 11,LM 7 DS,LM 7 DS,MSC,US,10427.000?,2109,4.3,4.3,3.8
D00328,A01787,1970-029,1970 Apr 11,Apollo 13 ALSEP,ALSEP B,MSC,US,122.000?,122,0.5,2,0.5
D00329,S04489,1970-060A,1970 Aug 17,Venera-7,4V-1 No. 630,IKI/BABTS,SU,1180.000?,650.000?,1.2,6.000?,2.5
D00330,A01832,1970-060,1970 Aug 17,Blok-NVL No. 62?,Blok-L,RVSN,SU,1200,1200,2.3,3,3
D00331,A01901,1970-060,1970 Aug 17,SA Veneri-7,SA,MOM,SU,480.000?,480,1,1,1
D00332,A01902,1970-060,1970 Aug 17,Venera-7 SA cap,SA cap,MOM,SU,20.000?,20.000?,0.7,0.7,0.1
D00333,A01845,1970-072,1970 Sep 12,Blok D No. 203L,11S824,RVSN,SU,1800,1800,4.1,5.8,5.8
D00334,S04527,1970-072A,1970 Sep 12,Luna-16 KT,E-8-5 No. 406,IKI/BABTS,SU,5700.000?,1360.000?,3.5,5.000?,1.5
D00335,A01846,1970-072,1970 Sep 12,Sbrasivaemiy otsek,Sbrasivaemiy otsek,MOM,SU,1000.000?,200.000?,2.5,2.5,1.8
D00336,A01847,1970-072,1970 Sep 12,Sbrasivaemiy otsek,Sbrasivaemiy otsek,MOM,SU,1000.000?,200.000?,2.5,2.5,1.8
D00337,A01848,1970-072A,1970 Sep 12,Luna-16 VA,VA,MOM,SU,39.000?,39,0.5,0.5,0.5
D00338,A01849,1970-072,1970 Sep 12,Luna-16 VS,KRD-61,MOM,SU,481.000?,176,2,2,0.5
D00339,S04591,1970-088A,1970 Oct 20,Zond-8,L-1 No. 14,TSKBEM,SU,5680.000?,2800.000?,2,1.8,1.8
D00340,A01861,1970-088,1970 Oct 20,Blok D No. 21L,11S824 No. 21L,RVSN,SU,2010.000?,1800,4.1,5.8,5.8
D00341,A01871,1970-088,1970 Oct 20,Zond-8 PAO,KTDU-53,MOM,SU,2880.000?,2000.000?,2,9.800?,4
D00342,S04691,1970-095A,1970 Nov 10,Luna-17,E-8 No. 203,IKI/BABTS,SU,3344.000?,1124.000?,3.5,5.000?,1.5
D00343,A01877,1970-095,1970 Nov 10,Blok D No. 406L,11S824,RVSN,SU,1800,1800,4.1,5.8,5.8
D00344,A01885,1970-095,1970 Nov 10,Lunokhod-1,8EL No. 203,MOM,SU,756,756,2.1,4.4,1.9
D00345,A01883,1970-095,1970 Nov 10,Sbrasivaemiy otsek,Sbrasivaemiy otsek,MOM,SU,1000.000?,200.000?,2.5,2.5,1.8
D00346,A01884,1970-095,1970 Nov 10,Sbrasivaemiy otsek,Sbrasivaemiy otsek,MOM,SU,1000.000?,200.000?,2.5,2.5,1.8
D00347,S04900,1971-008A,1971 Jan 31,Kitty Hawk,Apollo CM-110,MSC,US,29233,5656,3.9,3.9,3.5
D00348,S04905,1971-008C,1971 Jan 31,Antares,LM 8 AS,MSC,US,15264,2407,4.3,3.2,3.2
D00349,A01920,1971-008,1971 Jan 31,A7L-085,S. Roosa,MSC,US,150.000?,50,0.5,2,2
D00350,A01924,1971-008,1971 Jan 31,A7L-090,A7L PGA  [Shepard],MSC,US,150.000?,50,0.5,2,2
D00351,A01925,1971-008,1971 Jan 31,A7L-073,A7L PGA  [Mitchell],MSC,US,150.000?,50,0.5,2,2
D00352,A01926,1971-008,1971 Jan 31,A7L-090 PLSS,A7L PLSS [Shepard],MSC,US,36.000?,36,0.5,1,1
D00353,A01927,1971-008,1971 Jan 31,A7L-073 PLSS,A7L PLSS [Mitchell],MSC,US,36.000?,36,0.5,1,1
D00354,A01928,1971-008,1971 Jan 31,Apollo 14 ALSEP,ALSEP,MSC,US,116.000?,116,0.5,2,0.5
D00355,A01929,1971-008,1971 Jan 31,MET,MET,MSC,US,11,11,1.000?,1.000?,0.5
D00356,A01930,1971-008,1971 Jan 31,LM 8 DS,LM 8 DS,MSC,US,10374.000?,2535,4.3,4.3,3.8
D00357,A01934,1971-008,1971 Jan 31,Apollo 14 SM,Apollo SM-110,MSC,US,23443.000?,5289,3.9,6.7,6.7
D00358,S04904,1971-008B,1971 Jan 31,Saturn S-IVB-509,Saturn S-IVB-509,MSFC,US,18505,11209,6.6,20.8,20.8
D00359,A01915,1971-008,1971 Jan 31,S-IU-509,S-IU-509,MSFC,US,2669.000?,2669,6.6,6.6,0.9
D00360,A01916,1971-008,1971 Jan 31,SLA-17 panel 1,SLA,MSC,US,293,293,4.2,6.4,6.4
D00361,A01917,1971-008,1971 Jan 31,SLA-17 panel 2,SLA,MSC,US,293,293,4.2,6.4,6.4
D00362,A01918,1971-008,1971 Jan 31,SLA-17 panel 3,SLA,MSC,US,293,293,4.2,6.4,6.4
D00363,A01919,1971-008,1971 Jan 31,SLA-17 panel 4,SLA,MSC,US,293,293,4.2,6.4,6.4
D00364,S05043,1971-019A,1971 Mar 13,IMP 6,IMP I,GSFC,US,288,276,1.4,92,1.8
D00365,S05045,1971-019C,1971 Mar 13,Star 37D S/N 023,Star 37D,GSFC,US,65,65,0.9,1,1
D00366,A01938,1971-019,1971 Mar 13,IMP I despin weight,-,GSFC,US,1.000?,1.000?,0.100?,1.000?,0.100?
D00367,A01939,1971-019,1971 Mar 13,IMP I despin weight,-,GSFC,US,1.000?,1.000?,0.100?,1.000?,0.100?
D00368,S05234,1971-045A,1971 May 19,Mars-2,4M No. 171,IKI/BABTS,SU,4650,2350.000?,2,5.9,4.1
D00369,S05739,1971-045D,1971 May 19,SA Marsa-2,SA,IKI/NPOL,SU,1210,645,1.2,2.000?,1.2
D00370,A01970,1971-045,1971 May 19,Blok D No. 1201L,11S824,RVSN,SU,1800,1800,4.1,5.8,5.8
D00371,A02057,1971-045,1971 May 19,TDU Marsa-2,TDU,MOM,SU,200.000?,200.000?,0.500?,0.500?,0.300?
D00372,A02058,1971-045,1971 May 19,Teplovoy Ekran,Heat shield,MOM,SU,265.000?,200.000?,2.9,2.9,1.000?
D00373,A02059,1971-045,1971 May 19,DMP,DMP/Upper structure,MOM,SU,100.000?,100.000?,2.500?,2.500?,0.200?
D00374,A02060,1971-045,1971 May 19,PROP-M,PROP-M,MOM,SU,4,4,0.200?,0.200?,0.200?
D00375,S05252,1971-049A,1971 May 28,Mars-3,4M No. 172,IKI/BABTS,SU,4650,2350.000?,2,5.9,4.1
D00376,S05667,1971-049E,1971 May 28,SA Marsa-3,SA,IKI/NPOL,SU,1210,645,1.2,2.000?,1.2
D00377,A01971,1971-049,1971 May 28,Blok D No. 1301L,11S824,RVSN,SU,1800,1800,4.1,5.8,5.8
D00378,A02062,1971-049,1971 May 28,TDU Marsa-3,TDU,MOM,SU,200.000?,200.000?,0.500?,0.500?,0.300?
D00379,A02063,1971-049,1971 May 28,Teplovoy Ekran,Heat shield,MOM,SU,265.000?,200.000?,2.9,2.9,1.000?
D00380,A02064,1971-049,1971 May 28,DMP,DMP/Upper structure,MOM,SU,100.000?,100.000?,2.500?,2.500?,0.200?
D00381,A02065,1971-049,1971 May 28,PROP-M,PROP-M,MOM,SU,4,4,0.200?,0.200?,0.200?
D00382,S05261,1971-051A,1971 May 30,Mariner 9,Mariner 71J,NASA/JPL,US,1031,555,1.4,6.9,2.3
D00383,S05267,1971-051B,1971 May 30,Centaur AC-23,Centaur 21D,LERC,US,1700,1700,3,8.6,8.6
D00384,S05351,1971-063A,1971 Jul 26,Endeavour,Apollo CM-112,MSC,US,30356,5342,3.9,3.9,3.5
D00385,S05366,1971-063C,1971 Jul 26,Falcon,LM 10 AS,MSC,US,16437,2127,4.3,3.2,3.2
D00386,S05377,1971-063D,1971 Jul 26,Apollo 15 Subsatellite,Apollo 15 Subsatellite,MSC,US,37,37,0.4,2.6,0.8
D00387,A01995,1971-063,1971 Jul 26,SM-112 SIM Bay Cover,SIM Bay Cover,MSC,US,77.000?,77,1.5,2.9,2.9
D00388,A01996,1971-063,1971 Jul 26,LM 10 DS,LM 10 DS,MSC,US,11292.000?,2443,4.3,4.3,3.8
D00389,A01997,1971-063,1971 Jul 26,A7LB-315,A7L PGA  [Scott],MSC,US,150.000?,50,0.5,2,2
D00390,A01998,1971-063,1971 Jul 26,A7LB-320,A7L PGA  [Irwin],MSC,US,150.000?,50,0.5,2,2
D00391,A01999,1971-063,1971 Jul 26,A7LB-315 PLSS,A7L PLSS [Scott],MSC,US,36.000?,36,0.5,1,1
D00392,A02000,1971-063,1971 Jul 26,A7LB-320 PLSS,A7L PLSS [Irwin],MSC,US,36.000?,36,0.5,1,1
D00393,A02001,1971-063,1971 Jul 26,Apollo 15 ALSEP,ALSEP,MSC,US,154.000?,154,0.5,2,0.5
D00394,A02002,1971-063,1971 Jul 26,LRV-1,LRV-1,MSC,US,206.000?,206,1.8,3.1,3.1
D00395,A02006,1971-063,1971 Jul 26,A7LB-094,A7L PGA  [Worden],MSC,US,150.000?,50,0.5,2,2
D00396,A02007,1971-063,1971 Jul 26,Jettison bag,Jettison bag,MSC,US,14.000?,14,0.200?,1.000?,1.000?
D00397,A02008,1971-063,1971 Jul 26,Jettison bag,Jettison bag,MSC,US,14.000?,14,0.200?,1.000?,1.000?
D00398,A02010,1971-063,1971 Jul 26,Apollo 15 SM,Apollo SM-112,MSC,US,24409.000?,5996,3.9,6.7,6.7
D00399,S05352,1971-063B,1971 Jul 26,Saturn S-IVB-510,Saturn S-IVB-510,MSFC,US,16697,11345,6.6,20.8,20.8
D00400,A01990,1971-063,1971 Jul 26,S-IU-510,S-IU-510,MSFC,US,2660.000?,2660,6.6,6.6,0.9
D00401,A01991,1971-063,1971 Jul 26,SLA-19 panel 1,SLA,MSC,US,293,293,4.2,6.4,6.4
D00402,A01992,1971-063,1971 Jul 26,SLA-19 panel 2,SLA,MSC,US,293,293,4.2,6.4,6.4
D00403,A01993,1971-063,1971 Jul 26,SLA-19 panel 3,SLA,MSC,US,293,293,4.2,6.4,6.4
D00404,A01994,1971-063,1971 Jul 26,SLA-19 panel 4,SLA,MSC,US,293,293,4.2,6.4,6.4
D00405,S05448,1971-073A,1971 Sep  2,Luna-18 KT,E-8-5 No. 407,IKI/BABTS,SU,5700.000?,1360.000?,3.5,5.000?,1.5
D00406,S05449,1971-073B,1971 Sep  2,Blok D No. 0601L,11S824,RVSN,SU,1800,1800,4.1,5.8,5.8
D00407,A02025,1971-073,1971 Sep  2,Sbrasivaemiy otsek,Sbrasivaemiy otsek,MOM,SU,1000.000?,200.000?,2.5,2.5,1.8
D00408,A02026,1971-073,1971 Sep  2,Sbrasivaemiy otsek,Sbrasivaemiy otsek,MOM,SU,1000.000?,200.000?,2.5,2.5,1.8
D00409,A02027,1971-073A,1971 Sep  2,Luna-18 VA,VA,MOM,SU,39.000?,39,0.5,0.5,0.5
D00410,A02028,1971-073,1971 Sep  2,Luna-18 VS,Vzletnoy stupen',MOM,SU,481.000?,176,2,2,0.5
D00411,S05488,1971-082A,1971 Sep 28,Luna-19,E-8LS No. 202,IKI/BABTS,SU,3800.000?,3000.000?,3.5,6.000?,3.5
D00412,S05490,1971-082C,1971 Sep 28,Blok D No. 400L,11S824,RVSN,SU,1800,1800,4.1,5.8,5.8
D00413,A02035,1971-082,1971 Sep 28,Sbrasivaemiy otsek,Sbrasivaemiy otsek,MOM,SU,1000.000?,200.000?,2.5,2.5,1.8
D00414,A02036,1971-082,1971 Sep 28,Sbrasivaemiy otsek,Sbrasivaemiy otsek,MOM,SU,1000.000?,200.000?,2.5,2.5,1.8
D00415,S00836,1964-040A,1964 Jul 17,Vela 2A,Vela 2A,USAF,US,227.000?,125,1.4,1.4,1.4
D00416,S01458,1965-058A,1965 Jul 20,Vela 3A,Vela 3A,USAF,US,234.000?,132,1.4,1.4,1.4
D00417,A00513,1964-040,1964 Jul 17,BE-3 No. 9,B3A,USAF,US,90.000?,20.000?,0.4,0.9,0.9
D00418,A00752,1965-058,1965 Jul 20,BE-3 No. 8,B-3A,USAF,US,90.000?,20.000?,0.4,0.9,0.9
D00419,A00753,1965-058,1965 Jul 20,Heat shield,Vela heat shield,USAF,US,2.000?,2.000?,1.4,1.4,0.1
D00420,A00755,1965-058,1965 Jul 20,Heat shield,Vela heat shield,USAF,US,2.000?,2.000?,1.4,1.4,0.1
D00421,S05814,1972-005A,1972 Jan 31,HEOS 2,HEOS A2,ESRO,I-ESRO,117,117,1.3,2.6,0.7
D00422,S05817,1972-005C,1972 Jan 31,FW4D,FW4D,GSFC,US,40.000?,40.000?,0.5,1.5,1.5
D00423,A02082,1972-005,1972 Jan 31,HEOS 2 despin weight,-,GSFC,US,0,0,?,?,?
D00424,A02083,1972-005,1972 Jan 31,HEOS 2 despin weight,-,GSFC,US,0,0,?,?,?
D00425,S05835,1972-007A,1972 Feb 14,Luna-20 VA,VA,IKI/BABTS,SU,39,39,0.5,0.5,0.5
D00426,S05836,1972-007B,1972 Feb 14,Blok D No. 0801L,11S824,RVSN,SU,1800,1800,4.1,5.8,5.8
D00427,S05841,1972-007E,1972 Feb 14,Luna-20 KT,E-8-5 No. 408,IKI/BABTS,SU,4542.000?,1360.000?,3.5,5.000?,1.5
D00428,A02089,1972-007,1972 Feb 14,Sbrasivaemiy otsek,Sbrasivaemiy otsek,MOM,SU,1000.000?,200.000?,2.5,2.5,1.8
D00429,A02090,1972-007,1972 Feb 14,Sbrasivaemiy otsek,Sbrasivaemiy otsek,MOM,SU,1000.000?,200.000?,2.5,2.5,1.8
D00430,A02091,1972-007,1972 Feb 14,Luna-20 VS,Vzletnoy stupen',MOM,SU,481.000?,176,2,2,0.5
D00431,S05860,1972-012A,1972 Mar  3,Pioneer 10,Pioneer F,ARC,US,270,243,2.7,8.000?,2.9
D00432,S05861,1972-012B,1972 Mar  3,Star 37E S/N 40016,Star 37E S/N 40016,LERC,US,70.000?,70.000?,0.9,2.1,2.1
D00433,A02098,1972-012,1972 Mar  3,Star 37 yo weight,-,NASA,US,1.000?,1,?,1,?
D00434,S05912,1972-021A,1972 Mar 27,Venera-8,4V-1 No. 670,IKI/BABTS,SU,1184.000?,660.000?,1.2,6.000?,2.5
D00435,A02101,1972-021,1972 Mar 27,Blok-NVL No. 63?,Blok-L,RVSN,SU,1200,1200,2.3,3,3
D00436,A02162,1972-021A,1972 Mar 27,SA Veneri-8,SA,MOM,SU,475.000?,475,1,1,1
D00437,A02163,1972-021A,1972 Mar 27,Venera-8 SA cap,SA cap,MOM,SU,20.000?,20.000?,0.7,0.7,0.1
D00438,S05941,1972-029A,1972 Apr 14,Prognoz,SO-M No. 501,IKI/BABTS,SU,845,845,2.500?,10.000?,2.000?
D00439,A02110,1972-029,1972 Apr 14,Blok SO-L No. 79,Blok SO-L,RVSN,SU,1200,1200,2.3,3,3
D00440,S06000,1972-031A,1972 Apr 16,Casper,Apollo CM-113,MSC,US,30367,5908,3.9,3.9,3.5
D00441,S06001,1972-031B,1972 Apr 16,Saturn S-IVB-511,Saturn S-IVB-511,MSFC,US,16831,13968,6.6,20.8,20.8
D00442,S06005,1972-031C,1972 Apr 16,Orion,LM 11 AS,MSC,US,16445,2135,4.3,3.2,3.2
D00443,S06009,1972-031D,1972 Apr 16,Apollo 16 Subsatellite,Apollo 16 Subsatellite,MSC,US,40,40,0.4,2.6,0.8
D00444,A02114,1972-031,1972 Apr 16,S-IU-511,S-IU-511,MSFC,US,2668.000?,2668,6.6,6.6,0.9
D00445,A02115,1972-031,1972 Apr 16,SLA-20 panel 1,SLA,MSC,US,293,293,4.2,6.4,6.4
D00446,A02116,1972-031,1972 Apr 16,SLA-20 panel 2,SLA,MSC,US,293,293,4.2,6.4,6.4
D00447,A02117,1972-031,1972 Apr 16,SLA-20 panel 3,SLA,MSC,US,293,293,4.2,6.4,6.4
D00448,A02118,1972-031,1972 Apr 16,SLA-20 panel 4,SLA,MSC,US,293,293,4.2,6.4,6.4
D00449,A02120,1972-031,1972 Apr 16,SM-113 SIM Bay Cover,SIM Bay Cover,MSC,US,77.000?,77,1.5,2.9,2.9
D00450,A02123,1972-031,1972 Apr 16,LM 11 DS,LM 11 DS,MSC,US,11297.000?,2449,4.3,4.3,3.8
D00451,A02124,1972-031,1972 Apr 16,A7LB-322,A7L PGA  [Young],MSC,US,150.000?,50,0.5,2,2
D00452,A02125,1972-031,1972 Apr 16,A7LB-327,A7L PGA  [Duke],MSC,US,150.000?,50,0.5,2,2
D00453,A02126,1972-031,1972 Apr 16,A7LB-322 PLSS,A7L PLSS [Young],MSC,US,40.000?,40,0.5,1,1
D00454,A02127,1972-031,1972 Apr 16,A7LB-327 PLSS,A7L PLSS [Duke],MSC,US,40.000?,40,0.5,1,1
D00455,A02128,1972-031,1972 Apr 16,LRV-2,LRV-2,MSC,US,230.000?,230,1.8,3.1,3.1
D00456,A02129,1972-031,1972 Apr 16,Apollo 16 ALSEP,ALSEP,MSC,US,122.000?,122,0.5,2,0.5
D00457,A02131,1972-031,1972 Apr 16,Mass spectrometer boom,Mass spectrometer boom,MSC,US,11.000?,11,0.3,7.5,0.3
D00458,A02132,1972-031,1972 Apr 16,A7LB-082,A7L PGA  [Mattingly],MSC,US,150.000?,50,0.5,2,2
D00459,A02133,1972-031,1972 Apr 16,Jettison bag,Jettison bag,MSC,US,10.000?,10.000?,0.200?,1.000?,1.000?
D00460,A02135,1972-031,1972 Apr 16,Apollo 16 SM,Apollo SM-113,MSC,US,24559.000?,5925,3.9,6.7,6.7
D00461,A02154,1972-046,1972 Jun 29,Blok SO-L,Blok SO-L,RVSN,SU,1200,1200,2.3,3,3
D00462,S06068,1972-046A,1972 Jun 29,Prognoz-2,SO-M No. 503,IKI/BABTS,SU,845,845,2.500?,10.000?,2.000?
D00463,S06300,1972-096A,1972 Dec  7,America,Apollo CM-114,MSC,US,30364,5844,3.9,3.9,3.5
D00464,S06307,1972-096C,1972 Dec  7,Challenger,LM 12 AS,MSC,US,16448,2059,4.3,3.2,3.2
D00465,A02218,1972-096,1972 Dec  7,LM 12,LM 12 DS,MSC,US,11629.000?,2791,4.3,4.3,3.8
D00466,A02219,1972-096,1972 Dec  7,A7LB-328,A7L PGA  [Cernan],MSC,US,150.000?,50,0.5,2,2
D00467,A02220,1972-096,1972 Dec  7,A7LB-329,A7L PGA  [Schmitt],MSC,US,150.000?,50,0.5,2,2
D00468,A02221,1972-096,1972 Dec  7,A7LB-328 PLSS,A7L PLSS [Cernan],MSC,US,40.000?,40,0.5,1,1
D00469,A02222,1972-096,1972 Dec  7,A7LB-329 PLSS,A7L PLSS [Schmitt],MSC,US,40.000?,40,0.5,1,1
D00470,A02223,1972-096,1972 Dec  7,LRV-3,LRV-3,MSC,US,209.000?,209.000?,1.8,3.1,3.1
D00471,A02224,1972-096,1972 Dec  7,Apollo 17 ALSEP,ALSEP,MSC,US,130.000?,130.000?,0.5,2,0.5
D00472,A02230,1972-096,1972 Dec  7,A7LB-404,A7L PGA  [Evans],MSC,US,150.000?,50,0.5,2,2
D00473,A02231,1972-096,1972 Dec  7,Jettison bag,Jettison bag,MSC,US,10.000?,10.000?,0.200?,1.000?,1.000?
D00474,A02234,1972-096,1972 Dec  7,Apollo 17 SM,Apollo SM-114,MSC,US,24514.000?,6099,3.9,24.4,6.7
D00475,S06301,1972-096B,1972 Dec  7,Saturn S-IVB-512,Saturn S-IVB-512,MSFC,US,17094,13931,6.6,20.8,20.8
D00476,A02212,1972-096,1972 Dec  7,S-IU-512,S-IU-512,MSFC,US,2652.000?,2652,6.6,6.6,0.9
D00477,A02213,1972-096,1972 Dec  7,SLA-21 panel 1,SLA,MSFC,US,293,293,4.2,6.4,6.4
D00478,A02214,1972-096,1972 Dec  7,SLA-21 panel 2,SLA,MSFC,US,293,293,4.2,6.4,6.4
D00479,A02215,1972-096,1972 Dec  7,SLA-21 panel 3,SLA,MSFC,US,293,293,4.2,6.4,6.4
D00480,A02216,1972-096,1972 Dec  7,SLA-21 panel 4,SLA,MSFC,US,293,293,4.2,6.4,6.4
D00481,A02217,1972-096,1972 Dec  7,SM-114 SIM Bay Cover,SIM Bay Cover,MSC,US,77.000?,77,1.5,2.9,2.9
D00482,S06333,1973-001A,1973 Jan  8,Luna-21,E-8 No. 204,IKI/BABTS,SU,3344.000?,1124.000?,3.5,5.000?,1.5
D00483,A02238,1973-001,1973 Jan  8,Blok D No. 205L,11S824,RVSN,SU,1800,1800,4.1,5.8,5.8
D00484,A02241,1973-001,1973 Jan  8,Sbrasivaemiy otsek,Sbrasivaemiy otsek,MOM,SU,1000.000?,200.000?,2.5,2.5,1.8
D00485,A02242,1973-001,1973 Jan  8,Sbrasivaemiy otsek,Sbrasivaemiy otsek,MOM,SU,1000.000?,200.000?,2.5,2.5,1.8
D00486,A02243,1973-001,1973 Jan  8,Lunokhod-2,8EL No. 204,MOM,SU,840,840,2.1,4.4,1.9
D00487,S06364,1973-009A,1973 Feb 15,Prognoz-3,SO-M No. 502,IKI/BABTS,SU,845,845,2.500?,10.000?,2.000?
D00488,A02249,1973-009,1973 Feb 15,Blok SO-L,Blok SO-L,RVSN,SU,1200,1200,2.3,3,3
D00489,S06421,1973-019A,1973 Apr  6,Pioneer 11,Pioneer G,ARC,US,270,243,2.7,8.000?,2.9
D00490,S06425,1973-019B,1973 Apr  6,Star 37E S/N 40017,Star 37E,LERC,US,70.000?,70.000?,0.9,2.1,2.1
D00491,A02260,1973-019,1973 Apr  6,Star 37 yo weight,-,NASA,US,1.000?,1,?,1,?
D00492,S06686,1973-039A,1973 Jun 10,RAE 2,RAE B,GSFC,US,331,200,0.9,457,0.8
D00493,S06687,1973-039B,1973 Jun 10,Star 37D S/N 024,Star 37D,GSFC,US,65,65,0.9,1,1
D00494,S06689,1973-039D,1973 Jun 10,Star 37D yo weight,-,GSFC,US,1.000?,1.000?,?,1,?
D00495,S06725,1973-039F,1973 Jun 10,RAE Lunar Insertion Motor,Star 17,GSFC,US,79,9,0.4,0.7,0.7
D00496,S06726,1973-039G,1973 Jun 10,RAE VCPS,Velocity Control Prop. Sys.,GSFC,US,52.000?,40.000?,1.000?,1.000?,0.200?
D00497,S06742,1973-047A,1973 Jul 21,Mars-4,3MS No. 52S,IKI/BABTS,SU,3440.000?,2000.000?,2.000?,5.9,4.100?
D00498,A02307,1973-047,1973 Jul 21,Blok D No. 1701L,11S824,RVSN,SU,1800,1800,4.1,5.8,5.8
D00499,S06754,1973-049A,1973 Jul 25,Mars-5,3MS No. 53S,IKI/BABTS,SU,3440.000?,2000.000?,2.000?,5.9,4.100?
D00500,A02308,1973-049,1973 Jul 25,Blok D No. 1801L,11S824,RVSN,SU,1800,1800,4.1,5.8,5.8
D00501,S06768,1973-052A,1973 Aug  5,Mars-6,3MP No. 50P,IKI/BABTS,SU,3260,1900.000?,2,5,4.1
D00502,S07223,1973-052D,1973 Aug  5,SA Marsa-6,SA,IKI/NPOL,SU,1210,645,1.2,2.000?,1.2
D00503,A02317,1973-052,1973 Aug  5,Blok D No. 1901L,11S824,RVSN,SU,1800,1800,4.1,5.8,5.8
D00504,A02405,1973-052,1973 Aug  5,TDU Marsa-6,TDU,MOM,SU,200.000?,200.000?,0.500?,0.500?,0.300?
D00505,A02406,1973-052,1973 Aug  5,Teplovoy Ekran,Heat shield,MOM,SU,265.000?,200.000?,2.9,2.9,1.000?
D00506,A02407,1973-052,1973 Aug  5,DMP,DMP/Upper structure,MOM,SU,100.000?,100.000?,2.500?,2.500?,0.200?
D00507,S06776,1973-053A,1973 Aug  9,Mars-7,3MP No. 51P,IKI/BABTS,SU,3260,1900.000?,2,5,4.1
D00508,S07224,1973-053D,1973 Aug  9,SA Marsa-7,SA,IKI/NPOL,SU,1210,645,1.2,2.000?,1.2
D00509,A02319,1973-053,1973 Aug  9,Blok D No. 2001L,11S824,RVSN,SU,1800,1800,4.1,5.8,5.8
D00510,A02402,1973-053,1973 Aug  9,Teplovoy Ekran,Heat shield,MOM,SU,265.000?,200.000?,2.9,2.9,1.000?
D00511,A02403,1973-053,1973 Aug  9,TDU,TDU,MOM,SU,200.000?,200.000?,0.500?,0.500?,0.300?
D00512,A02404,1973-053,1973 Aug  9,DMP,DMP/Upper structure,MOM,SU,100.000?,100.000?,2.500?,2.500?,0.200?
D00513,S06893,1973-078A,1973 Oct 26,IMP 8,IMP J,GSFC,US,398,273,1.3,125,1.6
D00514,S06896,1973-078D,1973 Oct 26,Star 37C S/N 40022,Star 37C,GSFC,US,83,83,0.9,1.9,1.9
D00515,A02353,1973-078,1973 Oct 26,Star 17A,Star 17A,GSFC,US,125.000?,12,0.4,1,1
D00516,S06919,1973-085A,1973 Nov  3,Mariner 10,Mariner 73J,NASA/JPL,US,502,473,1.4,7.6,3.7
D00517,A02354,1973-085,1973 Nov  3,Centaur AC-34,Centaur D-1A AC-34,LERC,US,1840,1840,3.1,10.1,10.1
D00518,A02435,1974-037,1974 May 29,Sbrasivaemiy otsek,Sbrasivaemiy otsek,MOM,SU,1000.000?,200.000?,2.5,2.5,1.8
D00519,A02436,1974-037,1974 May 29,Sbrasivaemiy otsek,Sbrasivaemiy otsek,MOM,SU,1000.000?,200.000?,2.5,2.5,1.8
D00520,S07315,1974-037A,1974 May 29,Luna-22,E-8LS No. 206,IKI/BABTS,SU,3800.000?,3000.000?,3.5,6.000?,3.5
D00521,A02434,1974-037,1974 May 29,Blok D No. 0701L,11S824,RVSN,SU,1800,1800,4.1,5.8,5.8
D00522,S07491,1974-084A,1974 Oct 28,Luna-23 KT,E-8-5M No. 410,IKI/BABTS,SU,4061.000?,1360.000?,3.5,5.000?,1.5
D00523,A02487,1974-084,1974 Oct 28,Blok D No. 0901L,11S824,RVSN,SU,1800,1800,4.1,5.8,5.8
D00524,A02493,1974-084,1974 Oct 28,Sbrasivaemiy otsek,Sbrasivaemiy otsek,MOM,SU,1000.000?,200.000?,2.5,2.5,1.8
D00525,A02494,1974-084,1974 Oct 28,Sbrasivaemiy otsek,Sbrasivaemiy otsek,MOM,SU,1000.000?,200.000?,2.5,2.5,1.8
D00526,A02495,1974-084,1974 Oct 28,Luna-23 VS,Vzletnoy stupen',MOM,SU,481.000?,176,2,2,0.5
D00527,A02496,1974-084,1974 Oct 28,Luna-23 VA,VA,MOM,SU,39,39,0.5,0.5,0.5
D00528,S07567,1974-097A,1974 Dec 10,Helios 1,Helios 1,DFVLR,D,370,370,2.8,32,4.2
D00529,S07569,1974-097C,1974 Dec 10,Star 37E S/N 40028,Star 37E,LERC,US,83,83,0.9,1.7,1.7
D00530,S07570,1974-097D,1974 Dec 10,Star 37 yo weight,-,NASA,US,1.000?,1,?,1,?
D00531,A02513,1974-097,1974 Dec 10,Star 37 attach clamp?,-,LERC,US,1.000?,1.000?,0.4,0.4,0.1
D00532,A02512,1974-097,1974 Dec 10,Centaur attach clamp?,-,LERC,US,1.000?,1.000?,0.9,0.9,0.1
D00533,S07568,1974-097B,1974 Dec 10,Centaur TC-2,Centaur D-1T TC-2,LERC,US,2630.000?,2630.000?,3.1,9.6,9.6
D00534,S07915,1975-050A,1975 Jun  8,Venera-9,4V-1 No. 660,IKI/BABTS,SU,4936,3000.000?,2.500?,9.000?,5.000?
D00535,S08411,1975-050D,1975 Jun  8,SA Veneri-9,SA,IKI/BABTS,SU,1560,590.000?,1.000?,2.000?,2.000?
D00536,A02558,1975-050,1975 Jun  8,Blok D-1 No. 1?,11S824M No. 1L (10326501L),RVSN,SU,1925,1925,4.1,5.8,5.8
D00537,A02622,1975-050,1975 Jun  8,Teplozashchitniy korpus,SA upper shield,MOM,SU,485.000?,485.000?,2.4,2.4,1.2
D00538,A02623,1975-050,1975 Jun  8,Teplozashchitniy korpus,SA lower shield,MOM,SU,485.000?,485.000?,2.4,2.4,1.2
D00539,S07947,1975-054A,1975 Jun 14,Venera-10,4V-1 No. 661,IKI/BABTS,SU,5033,3000.000?,2.500?,9.000?,5.000?
D00540,S08423,1975-054D,1975 Jun 14,SA Veneri-10,SA,IKI/BABTS,SU,1560,590.000?,1.000?,2.000?,2.000?
D00541,A02567,1975-054,1975 Jun 14,Blok D-1 No. 2?,11S824M No. 2L?,RVSN,SU,1925,1925,4.1,5.8,5.8
D00542,A02624,1975-054,1975 Jun 14,Teplozashchitniy korpus,SA upper shield,MOM,SU,485.000?,485.000?,2.4,2.4,1.2
D00543,A02625,1975-054,1975 Jun 14,Teplozashchitniy korpus,SA lower shield,MOM,SU,485.000?,485.000?,2.4,2.4,1.2
D00544,S08108,1975-075A,1975 Aug 20,Viking Orbiter 1,Viking Orbiter 1,JPL,US,2328,883,2,9.8,3.3
D00545,S09024,1975-075C,1975 Aug 20,Viking Lander 1,Viking Lander 1,LARCN,US,1191,590,2.8,2.8,1
D00546,A02598,1975-075,1975 Aug 20,Viking 1 Bioshield Cap,Viking 1 Bioshield Cap,LARCN,US,54.000?,54,3.6,3.6,0.500?
D00547,A02717,1975-075,1975 Aug 20,Viking 1 Aeroshell,Viking 1 Aeroshell,LARCN,US,200.000?,91,3.5,3.5,0.500?
D00548,A02718,1975-075,1975 Aug 20,Viking 1 Aeroshell Cover,Viking 1 Aeroshell Cover,LARCN,US,178.000?,90,3.5,3.5,0.500?
D00549,A02719,1975-075,1975 Aug 20,Viking 1 Bioshield Base,Viking 1 Bioshield Base,LARCN,US,74.000?,74,3.6,3.6,0.800?
D00550,S08111,1975-075B,1975 Aug 20,Centaur TC-4,Centaur D-1T TC-4,LERC,US,2630.000?,2630.000?,3.1,9.6,9.6
D00551,S08199,1975-083A,1975 Sep  9,Viking Orbiter 2,Viking Orbiter 2,JPL,US,2328,883,2,9.8,3.3
D00552,S09408,1975-083C,1975 Sep  9,Viking Lander 2,Viking Lander 2,LARCN,US,1191,590,2.8,2.8,1
D00553,A02607,1975-083,1975 Sep  9,Viking 2 Bioshield Cap,Viking 2 Bioshield Cap,LARCN,US,54.000?,54,3.6,3.6,0.500?
D00554,A02739,1975-083,1975 Sep  9,Viking 2 Aeroshell,Viking 2 Aeroshell,LARCN,US,200.000?,91,3.5,3.5,0.500?
D00555,A02740,1975-083,1975 Sep  9,Viking 2 Aeroshell Cover,Viking 2 Aeroshell Cover,LARCN,US,178.000?,90,3.5,3.5,0.500?
D00556,A02928,1975-083,1975 Sep  9,Viking 2 Bioshield Base,Viking 2 Bioshield Base,LARCN,US,74.000?,74,3.6,3.6,0.800?
D00557,S08272,1975-083B,1975 Sep  9,Centaur TC-3,Centaur D-1T TC-3,LERC,US,2630.000?,2630.000?,3.1,9.6,9.6
D00558,S08510,1975-122A,1975 Dec 22,Prognoz-4,SO-M No. 504,IKI/BABTS,SU,905,905,2.500?,10.000?,2.000?
D00559,A02645,1975-122,1975 Dec 22,Blok SO-L,Blok SO-L,RVSN,SU,1200,1200,2.3,3,3
D00560,S08582,1976-003A,1976 Jan 15,Helios 2,Helios 2,DFVLR,D,370,370,2.8,32,4.2
D00561,S08584,1976-003C,1976 Jan 15,Star 37E S/N 40040,Star 37E,LERC,US,83,83,0.9,1.7,1.7
D00562,A02651,1976-003,1976 Jan 15,Star 37E attach clamp,-,NASA,US,1.000?,1.000?,0.4,0.4,0.1
D00563,A02652,1976-003,1976 Jan 15,Star 37 yo weight,-,NASA,US,1.000?,1,?,1,?
D00564,S08583,1976-003B,1976 Jan 15,Centaur TC-5,Centaur D-1T TC-5,LERC,US,2630.000?,2630.000?,3.1,9.6,9.6
D00565,A02650,1976-003,1976 Jan 15,Centaur attach clamp,-,NASA,US,1.000?,1.000?,0.9,0.9,0.1
D00566,S09272,1976-081A,1976 Aug  9,Luna-24 KT,E-8-5M No. 413,IKI/BABTS,SU,5700,1360.000?,3.5,5.000?,1.5
D00567,S09384,1976-081E,1976 Aug  9,Luna-24 VA,VA,IKI/BABTS,SU,39.000?,39,0.5,0.5,0.5
D00568,A02729,1976-081,1976 Aug  9,Blok D No. 1501L,11S824,RVSN,SU,1830,1830,4.1,5.8,5.8
D00569,A02731,1976-081,1976 Aug  9,Sbrasivaemiy otsek,Sbrasivaemiy otsek,MOM,SU,1000.000?,200.000?,2.5,2.5,1.8
D00570,A02732,1976-081,1976 Aug  9,Sbrasivaemiy otsek,Sbrasivaemiy otsek,MOM,SU,1000.000?,200.000?,2.5,2.5,1.8
D00571,A02733,1976-081,1976 Aug  9,Luna-24 VS,Vzletnoy stupen',MOM,SU,481.000?,176,2,2,0.5
D00572,S09557,1976-112A,1976 Nov 25,Prognoz-5,SO-M No. 505,IKI/BABTS,SU,930,930,2.500?,10.000?,2.000?
D00573,A02773,1976-112,1976 Nov 25,Blok SO-L,Blok SO-L,RVSN,SU,900,900,2.3,3.3,3.3
D00574,S10271,1977-076A,1977 Aug 20,Voyager 2,Voyager 2,JPL,US,820,716,3.7,17.300?,3.000?
D00575,S10273,1977-076C,1977 Aug 20,Star 37E S/N 40065,Star 37E,LERC,US,206,206,1,1,0.9
D00576,A02847,1977-076,1977 Aug 20,Voyager 2 IRIS dust cover,-,NASA/JPL,US,1.000?,1.000?,0.5,0.5,0.200?
D00577,S10272,1977-076B,1977 Aug 20,Centaur TC-7,Centaur D-1T TC-7,LERC,US,2630.000?,2630.000?,3.1,9.6,9.6
D00578,S10321,1977-084A,1977 Sep  5,Voyager 1,Voyager 1,JPL,US,820,716,3.7,17.300?,3.000?
D00579,S10323,1977-084C,1977 Sep  5,Star 37E S/N 40066,Star 37E,LERC,US,206,206,1,1,0.9
D00580,A02849,1977-084,1977 Sep  5,Voyager 1 IRIS dust cover,-,NASA/JPL,US,1.000?,1.000?,0.5,0.5,0.200?
D00581,S10322,1977-084B,1977 Sep  5,Centaur TC-6,Centaur D-1T TC-6,LERC,US,2630.000?,2630.000?,3.1,9.6,9.6
D00582,S10370,1977-093A,1977 Sep 22,Prognoz-6,SO-M No. 506,IKI/BABTS,SU,910,910,2.500?,10.000?,2.000?
D00583,S32705,1977-093E,1977 Sep 22,Blok SO-L,Blok SO-L,RVSN,RU,900.000?,1000.000?,2.5,2.7,2.7
D00584,S10911,1978-051A,1978 May 20,Pioneer Venus Orbiter,Pioneer Venus Orbiter,ARC,US,590,182,2.5,4.6,1.2
D00585,S10912,1978-051B,1978 May 20,Centaur AC-50,Centaur D-1AR AC-50,LERC,US,1840,1840,3.1,10.1,10.1
D00586,A03019,1978-051,1978 May 20,Star 24,Star 24,ARC,US,196.000?,18,0.6,1,1
D00587,A03020,1978-051,1978 May 20,ONMS cap,-,ARC,US,1.000?,1,?,0.1,?
D00588,S11001,1978-078A,1978 Aug  8,Pioneer Venus Multiprobe,Pioneer Venus Multiprobe,ARC,US,290,258,2.5,1.2,1.2
D00589,S11003,1978-078C,1978 Aug  8,Centaur AC-51,Centaur D-1AR AC-51,LERC,US,1840,1840,3.1,10.1,10.1
D00590,S12103,1978-078D,1978 Aug  8,Sounder Probe,Large Probe,ARC,US,315,207,0.7,0.7,0.7
D00591,S12104,1978-078E,1978 Aug  8,North Probe,Small Probe 1,ARC,US,90,90,0.8,1,1
D00592,S12105,1978-078F,1978 Aug  8,Day Probe,Small Probe 2,ARC,US,90,90,0.8,1,1
D00593,S12106,1978-078G,1978 Aug  8,Night Probe,Small Probe 3,ARC,US,90,90,0.8,1,1
D00594,A03021,1978-078,1978 Aug  8,BNMS cap,BNMS cap,ARC,US,1.000?,1,?,0.1,?
D00595,A03022,1978-078,1978 Aug  8,Sounder Probe Aft Cover,Aft Cover,ARC,US,10.000?,10.000?,0.9,0.9,0.200?
D00596,A03023,1978-078,1978 Aug  8,Small Probe 1 despin weight,Despin weight,ARC,US,1.000?,1.000?,0.1,2.4,0.1
D00597,A03024,1978-078,1978 Aug  8,Small Probe 1 despin weight,Despin weight,ARC,US,1.000?,1.000?,0.1,2.4,0.1
D00598,A03025,1978-078,1978 Aug  8,Sounder Deceleration Module,Deceleration Module,ARC,US,90.000?,90.000?,1.4,1.4,0.500?
D00599,A03026,1978-078,1978 Aug  8,Small Probe 2 despin weight,Despin weight,ARC,US,1.000?,1.000?,0.1,2.4,0.1
D00600,A03027,1978-078,1978 Aug  8,Small Probe 2 despin weight,Despin weight,ARC,US,1.000?,1.000?,0.1,2.4,0.1
D00601,A03028,1978-078,1978 Aug  8,LNMS cap,LNMS cap,ARC,US,1.000?,1,?,0.1,?
D00602,A03029,1978-078,1978 Aug  8,Small Probe 3 despin weight,Despin weight,ARC,US,1.000?,1.000?,0.1,2.4,0.1
D00603,A03030,1978-078,1978 Aug  8,Small Probe 3 despin weight,Despin weight,ARC,US,1.000?,1.000?,0.1,2.4,0.1
D00604,S11004,1978-079A,1978 Aug 12,ISEE 3,ISEE C,GSFC,US,479,389,1.8,92,1.6
D00605,S13413,1978-079D,1978 Aug 12,Star 37E S/N 40069,Star 37E,GSFC,US,83.000?,83,0.9,1.7,1.7
D00606,A02981,1978-079,1978 Aug 12,ISEE-C despin weight,-,GSFC,US,1.000?,1,?,5.000?,?
D00607,A02982,1978-079,1978 Aug 12,ISEE-C despin weight,-,GSFC,US,1.000?,1,?,5.000?,?
D00608,S11020,1978-084A,1978 Sep  9,Venera-11,4V-1 No. 360,IKI/BABTS,SU,4363.000?,2500.000?,2.500?,9.000?,5.000?
D00609,S12027,1978-084C,1978 Sep  9,SA Veneri-11,SA,IKI/BABTS,SU,1645.000?,675.000?,1.000?,2.000?,2.000?
D00610,A02991,1978-084,1978 Sep  9,Blok D-1 No. 3L,11S824M No. 3L,RVSN,SU,1925,1925,4.1,5.8,5.8
D00611,A03040,1978-084,1978 Sep  9,Teplozashchitniy korpus,SA upper shield,MOM,SU,485.000?,485.000?,2.4,2.4,1.2
D00612,A03041,1978-084,1978 Sep  9,Teplozashchitniy korpus,SA lower shield,MOM,SU,485.000?,485.000?,2.4,2.4,1.2
D00613,S11025,1978-086A,1978 Sep 14,Venera-12,4V-1 No. 361,IKI/BABTS,SU,4363.000?,2500.000?,2.500?,9.000?,5.000?
D00614,S12028,1978-086C,1978 Sep 14,SA Veneri-12,SA,IKI/BABTS,SU,1645.000?,675.000?,1.000?,2.000?,2.000?
D00615,A02995,1978-086,1978 Sep 14,Blok D-1 No. 4L,11S824M No. 4L,RVSN,SU,1925,1925,4.1,5.8,5.8
D00616,A03037,1978-086,1978 Sep 14,Teplozashchitniy korpus,SA upper shield,MOM,SU,485.000?,485.000?,2.4,2.4,1.2
D00617,A03038,1978-086,1978 Sep 14,Teplozashchitniy korpus,SA lower shield,MOM,SU,485.000?,485.000?,2.4,2.4,1.2
D00618,S11088,1978-101A,1978 Oct 30,Prognoz-7,SO-M No. 507,IKI/BABTS,SU,950,950,2.500?,10.000?,2.000?
D00619,A03007,1978-101,1978 Oct 30,Blok SO-L,Blok SO-L No. 801,RVSN,SU,1200,1200,2.3,3,3
D00620,S00674,1963-039A,1963 Oct 17,Vela 1A,Vela 1A,USAF,US,217.000?,115,1.4,1.4,1.4
D00621,S00692,1963-039C,1963 Oct 17,Vela 1B,Vela 1B,USAF,US,207.000?,115,1.4,1.4,1.4
D00622,S12116,1980-103A,1980 Dec 25,Prognoz-8,SO-M No. 508,IKI/BABTS,SU,910,910,2.500?,17.6,2.000?
D00623,A03268,1980-103,1980 Dec 25,Blok SO-L,Blok SO-L No. 77327-802,RVSN,SU,1200,1200,2.3,3,3
D00624,S12927,1981-106A,1981 Oct 30,Venera-13,4V-1M No. 760,IKI/BABTS,SU,4363,2500.000?,2.500?,9.000?,5.000?
D00625,S15599,1981-106D,1981 Oct 30,SA Veneri-13,4V-1 SA,IKI/NPOL,SU,1645,675.000?,1.000?,2.000?,2.000?
D00626,A03388,1981-106,1981 Oct 30,Blok D-1 No. 5L,11S824M No. 5L,RVSN,SU,1925,1925,4.1,5.8,5.8
D00627,A03426,1981-106,1981 Oct 30,Teplozashchitniy korpus,SA upper shield,MOM,SU,485.000?,485.000?,2.4,2.4,1.2
D00628,A03427,1981-106,1981 Oct 30,Teplozashchitniy korpus,SA lower shield,MOM,SU,485.000?,485.000?,2.4,2.4,1.2
D00629,S12938,1981-110A,1981 Nov  4,Venera-14,4V-1M No. 761,IKI/BABTS,SU,4363,2500.000?,2.500?,9.000?,5.000?
D00630,S15600,1981-110D,1981 Nov  4,SA Veneri-14,4V-1 SA,IKI/NPOL,SU,1645,675.000?,1.000?,2.000?,2.000?
D00631,A03389,1981-110,1981 Nov  4,Blok D-1 No. 6L,11S824M No. 6L,RVSN,SU,1925,1925,4.1,5.8,5.8
D00632,A03430,1981-110,1981 Nov  4,Teplozashchitniy korpus,SA upper shield,MOM,SU,485.000?,485.000?,2.4,2.4,1.2
D00633,A03431,1981-110,1981 Nov  4,Teplozashchitniy korpus,SA lower shield,MOM,SU,485.000?,485.000?,2.4,2.4,1.2
D00634,S13901,1983-020A,1983 Mar 23,Astron,1A No. 602,IKI/BABTS,SU,3500,3500,2.500?,9.000?,6.000?
D00635,S20413,1983-020D,1983 Mar 23,Blok D-1 No. 7L,11S824M No. 7L,RVSN,SU,1925,1925,4.1,5.8,5.8
D00636,S14095,1983-051A,1983 May 26,Exosat,Exosat,ESA,I-ESA,510,490.000?,2.1,3.2,1.4
D00637,A03632,1983-051,1983 May 26,Star 37E S/N 40086,Star 37E S/N 40086,GSFC,US,83.000?,83,0.9,1.7,1.7
D00638,A03633,1983-051,1983 May 26,Exosat despin weight,-,GSFC,US,0,0,?,?,?
D00639,A03634,1983-051,1983 May 26,Exosat despin weight,-,GSFC,US,0,0,?,?,?
D00640,S14104,1983-053A,1983 Jun  2,Venera-15,4V-2 No. 860,IKI/NPOL,SU,5250,4300.000?,2.500?,9.000?,6.000?
D00641,A03637,1983-053,1983 Jun  2,Blok D-1 No. 8L,11S824M No. 8L,RVSN,SU,1925,1925,4.1,5.8,5.8
D00642,S14107,1983-054A,1983 Jun  7,Venera-16,4V-2 No. 861,IKI/NPOL,SU,5300,4300.000?,2.500?,9.000?,6.000?
D00643,A03638,1983-054,1983 Jun  7,Blok D-1 No. 9L,11S824M No. 9L,RVSN,SU,1925,1925,4.1,5.8,5.8
D00644,S14163,1983-067A,1983 Jul  1,Prognoz-9,SO-M No. 509,IKI/BABTS,SU,1060,1060,2,6,0.9
D00645,A03669,1983-067,1983 Jul  1,Blok SO-L,Blok SO-L No. 76729-803,GUKOS,SU,1200,1200,2.3,3,3
D00646,S03955,1969-046E,1969 May 23,Vela 5B,Vela 5B,USAF,US,365.000?,250,1.3,1.3,1.3
D00647,A01601,1969-046,1969 May 23,BE-3A7,BE-3A7,USAF,US,98.000?,9,0.4,0.9,0.9
D00648,S03954,1969-046D,1969 May 23,Vela 5A,Vela 5A,USAF,US,348,250,1.3,1.3,1.3
D00649,A01600,1969-046,1969 May 23,BE-3A7,BE-3A7,USAF,US,98.000?,9,0.4,0.9,0.9
D00650,S15432,1984-125A,1984 Dec 15,Vega-1,5VK No. 901,IKI/BABTS,SU,4923,2500.000?,2.500?,9.000?,4.000?
D00651,S15447,1984-125D,1984 Dec 15,Blok D-1 No. 11L,11S824M No. 11L,RVSN,SU,1925,1925,4.1,5.8,5.8
D00652,S15858,1984-125E,1984 Dec 15,SA Vega-1,5VK SA,IKI/BABTS,SU,1720,750,1,2,2
D00653,S15859,1984-125F,1984 Dec 15,AZ Vega-1,Aerostatniy Zond,IKI/BABTS,SU,21,21,0.1,15.4,1
D00654,A04067,1984-125,1984 Dec 15,Teplozashchitniy korpus,SA upper shield,MOM,SU,485.000?,485.000?,2.4,2.4,1.2
D00655,A04068,1984-125,1984 Dec 15,Teplozashchitniy korpus,SA lower shield,MOM,SU,485.000?,485.000?,2.4,2.4,1.2
D00656,S15449,1984-128A,1984 Dec 21,Vega-2,5VK No. 902,IKI/BABTS,SU,4923,2500.000?,2.500?,9.000?,4.000?
D00657,S15450,1984-128B,1984 Dec 21,Blok D-1 No. 12L,11S824M No. 12L,RVSN,SU,1925,1925,4.1,5.8,5.8
D00658,S15856,1984-128E,1984 Dec 21,SA Vega-2,5VK SA,IKI/BABTS,SU,1720,750,1,2,2
D00659,S15857,1984-128F,1984 Dec 21,AZ Vega-2,Aerostatniy Zond,IKI/BABTS,SU,21,21,0.1,15.4,1
D00660,A04070,1984-128,1984 Dec 21,Teplozashchitniy korpus,SA upper shield,MOM,SU,485.000?,485.000?,2.4,2.4,1.2
D00661,A04071,1984-128,1984 Dec 21,Teplozashchitniy korpus,SA lower shield,MOM,SU,485.000?,485.000?,2.4,2.4,1.2
D00662,S15464,1985-001A,1985 Jan  7,Sakigake,MS-T5,ISASM,J,136,126,1.4,1.7,0.7
D00663,S15465,1985-001B,1985 Jan  7,KM-P,KM-P,ISASM,J,465,47,0.8,1.2,1.2
D00664,S15661,1985-033A,1985 Apr 26,Prognoz-10-IK,SO-M No. 510,IKI/BABTS,SU,1000.000?,1000.000?,2,6,1
D00665,S15664,1985-033D,1985 Apr 26,Blok SO-L,Blok SO-L No. 71634-804,RVSN,SU,900.000?,1000.000?,2.5,2.7,2.7
D00666,S15875,1985-056A,1985 Jul  2,Giotto,Giotto,ESA,I-ESA,958,476,1.9,2.9,2.9
D00667,A04095,1985-056,1985 Jul  2,Mage 1S,Mage 1S,ESA,I-ESA,413.000?,39,0.8,1.3,1.3
D00668,S15967,1985-073A,1985 Aug 18,Suisei,PLANET-A,ISASM,J,135,125,1.4,1.7,0.7
D00669,S15969,1985-073C,1985 Aug 18,KM-P,KM-P,ISASM,J,461,41,0.8,1.2,1.2
D00670,S19281,1988-058A,1988 Jul  7,Fobos-1,1F No. 101,IKI/BABTS,SU,6220,2420.000?,3.500?,12.000?,4.000?
D00671,A04561,1988-058,1988 Jul  7,ADU,ADU,MOM,SU,3800.000?,570.000?,3.3,1.5,1.5
D00672,A04562,1988-058,1988 Jul  7,DAS,Dolgozhivushchaya AS,MOM,SU,67.000?,67,0.500?,0.500?,0.500?
D00673,S19287,1988-059A,1988 Jul 12,Fobos-2,1F No. 102,IKI/BABTS,SU,6220,2420.000?,3.500?,12.000?,4.000?
D00674,A04643,1988-059,1988 Jul 12,Fobos-2 ADU,ADU,MOM,SU,3800.000?,570.000?,3.3,1.5,1.5
D00675,A04658,1988-059,1988 Jul 12,DAS,Dolgozhivushchaya AS,MOM,SU,67.000?,67,0.500?,0.500?,0.500?
D00676,A04659,1988-059,1988 Jul 12,PROP-FP,Prigayushchaya PS,MOM,SU,43.000?,43,0.500?,0.500?,0.500?
D00677,S19969,1989-033B,1989 May  4,Magellan,Magellan,NASA/JPL,US,3348,1035,3.7,9.2,4.6
D00678,S19971,1989-033D,1989 May  4,IUS-18 SRM-2,Orbus 6E,MSFC,US,1083,1083,1.6,2.1,2.1
D00679,A04672,1989-033,1989 May  4,Star 48B S/N 16001-16,Star 48B S/N 16001-16,NASA/JPL,US,2141.000?,141,1.1,2.3,2.3
D00680,S20298,1989-084B,1989 Oct 18,Galileo,Galileo,NASA/JPL,US,2304,1297,5,12,5.3
D00681,S20300,1989-084D,1989 Oct 18,IUS-19 SRM-2,Orbus 6E,MSFC,US,1079,1079.000?,1.6,2.1,2.1
D00682,A04745,1989-084,1989 Oct 18,SSI contamination cover,-,JPL,US,1.000?,1,?,?,?
D00683,A04746,1989-084,1989 Oct 18,Galileo Probe,Galileo Probe,ARC,US,339,125,0.8,0.8,0.5
D00684,A04747,1989-084,1989 Oct 18,Deceleration Module,Deceleration Module,ARC,US,198.000?,198,1.3,1.3,1
D00685,A04748,1989-084,1989 Oct 18,Galileo Probe aft cover,-,ARC,US,16.000?,16,1.2,1.2,0.5
D00686,A08398,1989-084,1989 Oct 18,Dust experiment cover,-,ESA/MPIK,I-ESA,0.131,0.131,0.400?,0.4,0.100?
D00687,S20352,1989-096A,1989 Dec  1,Granat,1AS No. 420,IKI/BABTS,SU,4402,4402.000?,2.500?,9.000?,6.000?
D00688,S20354,1989-096C,1989 Dec  1,Blok D-1 No. 10L,11S824M No. 10L,RVSN,SU,1925,1925,4.1,5.8,5.8
D00689,S04366,1970-027A,1970 Apr  8,Vela 6A,Vela 6A,USAF,US,350,252,1.3,1.3,1.3
D00690,S04368,1970-027B,1970 Apr  8,Vela 6B,Vela 6B,USAF,US,367.000?,252,1.3,1.3,1.3
D00691,A01766,1970-027,1970 Apr  8,BE-3A7,BE-3A7,USAF,US,98.000?,9,0.4,0.9,0.9
D00692,A01768,1970-027,1970 Apr  8,BE-3A7,BE-3A7,USAF,US,98.000?,9,0.4,0.9,0.9
D00693,S20448,1990-007A,1990 Jan 24,Hiten,MUSES-A,ISASS,J,185,143,1.4,1.4,0.8
D00694,S20451,1990-007D,1990 Jan 24,KM-M,KM-M,ISASS,J,525,20,0.8,1.3,1.3
D00695,S20618,1990-007B,1990 Jan 24,Hagoromo,MUSES-A Subsatellite,ISASS,J,12,8,0.4,0.4,0.4
D00696,A04802,1990-007,1990 Jan 24,KM-L,KM-L,ISASS,J,4.000?,1,0.1,0.1,0.1
D00697,S20842,1990-090B,1990 Oct  6,Ulysses,Ulysses,ESA,I-ESA,367,333,1.7,72.5,2
D00698,S20845,1990-090E,1990 Oct  6,PAM-S,Star 48B S/N 10058-24,MSFC,US,2250,238,1.2,2,2
D00699,A04886,1990-090,1990 Oct  6,Yo-yo despin weight,-,MSFC,US,1.000?,1,0.1,11,0.1
D00700,A04887,1990-090,1990 Oct  6,Yo-yo despin weight,-,MSFC,US,1.000?,1,0.1,11,0.1
D00701,A08391,1990-090,1990 Oct  6,Dust experiment cover,-,ESA/MPIK,I-ESA,0.131,0.131,0.400?,0.4,0.100?
D00702,S20844,1990-090D,1990 Oct  6,IUS-17 SRM-2,Orbus 6E,MSFC,US,1134,1134,2.5,5.6,3.2
D00703,A04885,1990-090,1990 Oct  6,Motor Support Assembly,PAM-S MSA,MSFC,US,84.000?,84,1.3,1.3,0.3
D00704,S22051,1992-044C,1992 Jul 24,Star 48B,Star 48B S/N 10076-18,MDAC,US,134,132,1.1,2.3,2.3
D00705,S22049,1992-044A,1992 Jul 24,Geotail,Geotail,ISASS,J,1009,640,2.2,100,1.6
D00706,A05190,1992-044,1992 Jul 24,Star 48 yo weight,-,MDAC,US,1.000?,1,?,1,?
D00707,S22136,1992-063A,1992 Sep 25,Mars Observer,Mars Observer,JPL,US,2565,1029,2.2,15,3.5
D00708,S22138,1992-063C,1992 Sep 25,TOS 'USS Thomas O. Paine',Orbus 21,LERC/OSC,US,1000.000?,1000.000?,3.5,3.3,3.3
D00709,S22973,1994-004A,1994 Jan 25,Clementine 1,DSPSE,BMDO,US,414,183,1.1,1.8,1.8
D00710,S23333,1994-071A,1994 Nov  1,Wind,WIND,GSFC,US,1195,895,2.4,100,1.8
D00711,S23350,1994-071C,1994 Nov  1,Star 48B,Star 48B,MDAC,US,132,132,1.2,2,2
D00712,A05562,1994-071,1994 Nov  1,Wind despin weight,-,MDAC,US,1.000?,1,?,1,?
D00713,A05563,1994-071,1994 Nov  1,Wind despin weight,-,MDAC,US,1.000?,1,?,1,?
D00714,S23635,1995-039D,1995 Aug  2,Blok SO-L,Blok SO-L No. 71634-805,RVSNR,RU,900,900,2.3,3.3,3.3
D00715,S23632,1995-039A,1995 Aug  2,Interbol-1,SO-M2 No. 2512,IKI/BABTS,RU,1250,1250,2,6,1
D00716,S23646,1995-039F,1995 Aug  2,Magion-4,Magion-4,CZ,CZ,59,59,0.600?,2.000?,0.900?
D00717,S23726,1995-065A,1995 Dec  2,SOHO,SOHO,ESA,I-ESA,1864,1624,3.7,9.5,3.7
D00718,S23727,1995-065B,1995 Dec  2,Centaur AC-121,Centaur IIA(4N) AC-121,LMA,US,1840,1840,3.1,10.1,10.1
D00719,S23784,1996-008A,1996 Feb 17,NEAR Shoemaker,NEAR,GSFC,US,805,468,1.5,5.000?,2.8
D00720,S23786,1996-008C,1996 Feb 17,Star 48B,Star 48B,MDAC,US,132,132,1.2,2,2
D00721,A05744,1996-008,1996 Feb 17,Despin weight,-,APL,US,1.000?,1,0.1,12.000?,0.1
D00722,A05745,1996-008,1996 Feb 17,Despin weight,-,APL,US,1.000?,1,0.1,12.000?,0.1
D00723,S24648,1996-062A,1996 Nov  7,Mars Global Surveyor,MGS,NASA/JPL,US,1062,674,1.5,12,3
D00724,S24650,1996-062C,1996 Nov  7,Star 48B,Star 48B,MDAC,US,132,132,1.2,2,2
D00725,A05831,1996-062,1996 Nov  7,MGS despin weight,-,MDAC,US,1.000?,1,?,1,?
D00726,A05832,1996-062,1996 Nov  7,MGS despin weight,-,MDAC,US,1.000?,1,?,1,?
D00727,S24667,1996-068A,1996 Dec  4,Sagan Memorial Station,MPF Lander,NASA/JPL,US,880,350,1.4,5.300?,0.5
D00728,S24669,1996-068C,1996 Dec  4,Star 48B,Star 48B,BOHB,US,132,132,1.2,2,2
D00729,A05862,1996-068,1996 Dec  4,MPF Cruise Stage,MPF Cruise Stage,NASA/JPL,US,295.000?,210,2.5,2.5,0.100?
D00730,A05863,1996-068,1996 Dec  4,MPF despin weight,-,BOHB,US,1.000?,1,?,1,?
D00731,A05864,1996-068,1996 Dec  4,MPF despin weight,-,BOHB,US,1.000?,1,?,1,?
D00732,A05945,1996-068,1996 Dec  4,MPF Aeroshell,MPF Aeroshell,NASA/JPL,US,64.000?,64,2.7,2.7,0.5
D00733,A05946,1996-068,1996 Dec  4,MPF Backshell,MPF Backshell,NASA/JPL,US,112.000?,57,2.7,20,1
D00734,A05947,1996-068,1996 Dec  4,Sojourner,MFEX Rover,NASA/JPL,US,11.000?,11,0.5,0.5,0.3
D00735,S24912,1997-045A,1997 Aug 25,ACE,Advanced Composition Expl.,GSFC,US,785,596,1.6,8.3,2.5
D00736,S24913,1997-045B,1997 Aug 25,Delta 247,Delta SSPS AJ-10-118K,BOHB,US,919,919,2.4,6,6
D00737,S25009,1997-061B,1997 Oct 15,Centaur TC-21,Centaur TC-21,LERC,US,1840.000?,1840.000?,4.3,9,9
D00738,S25008,1997-061A,1997 Oct 15,Cassini,Cassini,NASA/JPL,US,5254,2125,4,15.000?,6.7
D00739,A06008,1997-061,1997 Oct 15,Cassini CDA cover,-,NASA/JPL,US,1.000?,1.000?,0.4,0.4,0.1
D00740,A06206,1997-061,1997 Oct 15,Cassini VIMS radiator cover,-,NASA/JPL,US,1.000?,1.000?,0.500?,0.500?,?
D00741,A06273,1997-061,1997 Oct 15,Cassini CIRS cooler cover,-,NASA/JPL,US,1.000?,1.000?,0.400?,0.400?,?
D00742,A06875,1997-061,1997 Oct 15,INMS instrument cover,-,NASA,US,0,0,?,?,?
D00743,A06904,1997-061,1997 Oct 15,Huygens,Huygens Descent Module,ESA,I-ESA,320,211,1.1,1.1,0.5
D00744,A06912,1997-061,1997 Oct 15,Huygens Aft Cover,Huygens BCSS/Pilot chute,ESA,I-ESA,16.000?,16,1.500?,2.6,0.1
D00745,A06913,1997-061,1997 Oct 15,Huygens Front Shield,Huygens FRSS aeroshell,ESA,I-ESA,79.000?,79,2.8,2.8,0.5
D00746,A06914,1997-061,1997 Oct 15,Huygens Main Chute,DCSS,ESA,I-ESA,12.000?,12,8.3,8.3,2.000?
D00747,S25131,1998-001A,1998 Jan  7,Lunar Prospector,LP,ARC,US,296,158,1.4,4.000?,1.2
D00748,A06034,1998-001A,1998 Jan  7,Celestis-02,CPAC (Luna 01),SSICE,US,1,1,0.1,0.2,0.2
D00749,A06033,1998-001,1998 Jan  7,TLI Stage,Star 37FM,ARC,US,1227,212,0.2,0.2,0.2
D00750,S25126,1997-086A,1997 Dec 24,Asiasat 3,Asiasat 3,ASIA,HK,3480,1822,3.1,26.2,4
D00751,S25383,1998-041A,1998 Jul  3,Nozomi,Planet B,ISASS,J,540,262,1.600?,6.000?,2.000?
D00752,S25388,1998-041C,1998 Jul  3,KM-V1,KM-V1,ISASS,J,124.000?,124,1.2,2,2
D00753,S25508,1998-061A,1998 Oct 24,Deep Space 1,Deep Space 1,NASA/JPL,US,475,374,1.7,11.5,2.1
D00754,S25511,1998-061D,1998 Oct 24,Star 37FM,Star 37FM,BOHB,US,2141.000?,132,1.2,2,2
D00755,A06117,1998-061,1998 Oct 24,DS1 despin weight,-,BOHB,US,1.000?,1,?,1,?
D00756,A06118,1998-061,1998 Oct 24,DS1 despin weight,-,BOHB,US,1.000?,1,?,1,?
D00757,S25571,1998-073A,1998 Dec 11,Mars Climate Orbiter,MCO,JPL,US,629,338,1.6,5.5,2.1
D00758,S25573,1998-073C,1998 Dec 11,Star 48B,Star 48B,BOHB,US,2141.000?,132,1.2,2,2
D00759,A06161,1998-073,1998 Dec 11,MCO despin weight,-,BOHB,US,1.000?,1,?,1,?
D00760,A06162,1998-073,1998 Dec 11,MCO despin weight,-,BOHB,US,1.000?,1,?,1,?
D00761,S25605,1999-001A,1999 Jan  3,Mars Polar Lander,MPL,JPL,US,575,290,3.6,3.6,1
D00762,S25606,1999-001B,1999 Jan  3,Star 48B,Star 48B,BOHB,US,2141.000?,132,1.2,2,2
D00763,A06163,1999-001A,1999 Jan  3,MPL Cruise Stage,MPL Cruise Stage,JPL,US,82.000?,82,1.000?,4.000?,0.500?
D00764,A06164,1999-001,1999 Jan  3,MPL despin weight,-,BOHB,US,1.000?,1,?,1,?
D00765,A06165,1999-001,1999 Jan  3,MPL despin weight,-,BOHB,US,1.000?,1,?,1,?
D00766,A06223,1999-001,1999 Jan  3,DS2 Scott Probe,Deep Space 2 Microprobe 1,JPL,US,4,4,0.3,0.3,0.3
D00767,A06224,1999-001,1999 Jan  3,DS2 Amundsen Probe,Deep Space 2 Microprobe 2,JPL,US,4,4,0.3,0.3,0.3
D00768,A06225,1999-001,1999 Jan  3,MPL Heat Shield,MPL Heat Shield,JPL,US,70.000?,70,2.4,2.4,0.5
D00769,A06226,1999-001,1999 Jan  3,MPL Backshell,MPL Backshell,JPL,US,70.000?,70,2.4,2.4,1
D00770,S25618,1999-003A,1999 Feb  7,Stardust,Stardust,JPL,US,339,254,0.6,4.8,1.7
D00771,S25620,1999-003C,1999 Feb  7,Star 37FM,Star 37FM,BOHB,US,83.000?,82.000?,0.9,1.7,1.7
D00772,S28927,1999-003D,1999 Feb  7,Sample Return Capsule,SRC,JPL,US,46,46,0.5,0.81,0.81
D00773,A06167,1999-003,1999 Feb  7,Star 37 yo weight,-,BOHB,US,1.000?,1,?,1,?
D00774,S26734,2001-013A,2001 Apr  7,Mars Odyssey,2001 Mars Odyssey,JPL,US,725,376,2.6,8.5,2.2
D00775,S26735,2001-013B,2001 Apr  7,Star 48B,Star 48B,BOHB,US,207,205,1.1,2.3,2.3
D00776,A06483,2001-013,2001 Apr  7,Star 48 despin weight,-,BOHB,US,1.000?,1,?,1,?
D00777,A06484,2001-013,2001 Apr  7,Star 48 despin weight,-,BOHB,US,1.000?,1,?,1,?
D00778,S26859,2001-027A,2001 Jun 30,WMAP,Microwave Anisotropy Probe,GSFC,US,840,768,2.000?,5,3.8
D00779,A06524,2001-027C,2001 Jun 30,Star 48B,Star 48B,BOHB,US,2141.000?,205,1.1,2.3,2.3
D00780,A06525,2001-027,2001 Jun 30,Star 48 despin weight,-,BOHB,US,1.000?,1,?,1,?
D00781,A06526,2001-027,2001 Jun 30,Star 48 despin weight,-,BOHB,US,1.000?,1,?,1,?
D00782,S26884,2001-034A,2001 Aug  8,Genesis,Genesis,NASA/JPL,US,636,494,2,7.9,2.3
D00783,S26886,2001-034C,2001 Aug  8,Star 37FM,Star 37FM,BOHB,US,84.000?,82.000?,0.9,1.7,1.7
D00784,S28453,2001-034D,2001 Aug  8,Genesis SRC,Sample Return Capsule,NASA/JPL,US,220,220,1.5,1.5,1
D00785,A06552,2001-034,2001 Aug  8,Star 37 despin weight,-,BOHB,US,1.000?,1,?,1,?
D00786,A06553,2001-034,2001 Aug  8,Star 37 despin weight,-,BOHB,US,1.000?,1,?,1,?
D00787,A06720,2002-034,2002 Jul  3,Contour fragment C,Contour part,NASA/APL,US,0,0,?,?,?
D00788,S27457,2002-034A,2002 Jul  3,Contour,Contour,NASA/APL,US,938,355,2,2,2
D00789,A06716,2002-034A,2002 Jul  3,Contour ABM,Star 30BP S/N 074,NASA/APL,US,503.000?,32,0.8,1.5,1.5
D00790,A06719,2002-034,2002 Jul  3,Contour fragment B,Contour part,NASA/APL,US,0,0,?,?,?
D00791,S27542,2002-048C,2002 Oct 17,Blok DM2 No. 5L,17S40 DM2 No. 5L,KVR,RU,3300,3300,3.7,6.3,6.3
D00792,S27540,2002-048A,2002 Oct 17,Integral,Integral,ESA,I-ESA,3954,3414,3.2,16,6
D00793,S27809,2003-019A,2003 May  9,Hayabusa,MUSES C,ISASS,J,509,359,2,5.7,1.5
D00794,S27810,2003-019B,2003 May  9,KM-V2,KM-V2,ISASS,J,120.000?,120.000?,1.2,1.5,1.5
D00795,A06936,2003-019,2003 May  9,KM-V2 yo weight,KM-V2 tumble weight,ISASS,J,1.000?,1,?,1,?
D00796,A06994,2003-019,2003 May  9,MUSES-C TM,Target Marker,ISASJ,J,0,0,?,?,?
D00797,A06997,2003-019,2003 May  9,Minerva,Minerva Hopper Lander,ISASJ,J,0.59,0.59,0.1,0.12,0.12
D00798,A06998,2003-019,2003 May  9,Minerva cover,-,ISASJ,J,1,1,0.1,0.1,?
D00799,A07000,2003-019,2003 May  9,MUSES-C TM 3,Target Marker,ISASJ,J,0,0,?,?,?
D00800,A07001,2003-019,2003 May  9,MUSES-C TM 2,Target Marker,ISASJ,J,0,0,?,?,?
D00801,A07750,2003-019,2003 May  9,Hayabusa Return Capsule,MUSES-C RV,ISASJ,J,20.000?,20,0.4,0.4,0.2
D00802,S27816,2003-022A,2003 Jun  2,Mars Express,Mars Express,ESA,I-ESA,1152.000?,637,1.8,5.000?,1.5
D00803,S27817,2003-022B,2003 Jun  2,Fregat,Fregat 14S44 No. 1005,NPOL,RU,1037,1037,3.3,3.3,1.7
D00804,A06833,2003-022,2003 Jun  2,Beagle 2,Beagle 2 Lander,ESA/BNSC,UK,34,34,0.9,0.9,0.5
D00805,A06835,2003-022,2003 Jun  2,Beagle 2 Heat Shield,-,ESA/BNSC,UK,15.000?,15.000?,0.9,0.9,0.2
D00806,A06836,2003-022,2003 Jun  2,Beagle 2 Backshell,-,ESA/BNSC,UK,20.000?,20.000?,0.9,0.9,0.2
D00807,S27827,2003-027A,2003 Jun 10,Spirit Rover,Mars Exploration Rover 2,NASA/JPL,US,1064,174,1,1.4,1.4
D00808,S27828,2003-027B,2003 Jun 10,Star 48B,Star 48B,BOHB,US,132,132,1.1,2.3,2.3
D00809,A06804,2003-027,2003 Jun 10,MER-A Cruise Stage,MER-2 Cruise Stage,NASA/JPL,US,235.000?,183,2.7,2.7,0.100?
D00810,A06805,2003-027,2003 Jun 10,Despin weight,-,BOHB,US,1.000?,1,0.1,9.8,0.1
D00811,A06806,2003-027,2003 Jun 10,Despin weight,-,BOHB,US,1.000?,1,0.1,9.8,0.1
D00812,A06843,2003-027,2003 Jun 10,Columbia Memorial Station,MER-2 Lander,NASA/JPL,US,365.000?,365,2.500?,2.500?,1.500?
D00813,A06844,2003-027,2003 Jun 10,MER-A Backshell,MER-2 Backshell,NASA/JPL,US,198.000?,198,2.500?,2.500?,1.500?
D00814,A06845,2003-027,2003 Jun 10,MER-A Heat Shield,MER-2 Heat Shield,NASA/JPL,US,90.000?,90,2.500?,2.500?,1.500?
D00815,S27849,2003-032A,2003 Jul  8,Opportunity Rover,Mars Exploration Rover 1,NASA/JPL,US,1065,185,1,1.4,1.4
D00816,S27850,2003-032B,2003 Jul  8,Star 48B,Star 48B,BOHB,US,2213.000?,191,1.1,2.3,2.3
D00817,A06810,2003-032,2003 Jul  8,MER-B Cruise Stage,MER-1 Cruise Stage,NASA/JPL,US,243.000?,193,2.7,2.7,0.100?
D00818,A06811,2003-032,2003 Jul  8,Despin weight,-,BOHB,US,1.000?,1,0.1,9.8,0.1
D00819,A06812,2003-032,2003 Jul  8,Despin weight,-,BOHB,US,1.000?,1,0.1,9.8,0.1
D00820,A06846,2003-032,2003 Jul  8,Challenger Memorial Station,MER-1 Lander,NASA/JPL,US,348.000?,348,2.500?,2.500?,1.500?
D00821,A06847,2003-032,2003 Jul  8,MER-B Heat Shield,MER-1 Heat Shield,NASA/JPL,US,78.000?,78,2.500?,2.500?,1.500?
D00822,A06848,2003-032,2003 Jul  8,MER-B Backshell,MER-1 Backshell,NASA/JPL,US,209.000?,209,2.500?,2.500?,1.500?
D00823,S27872,2003-038B,2003 Aug 25,Delta 300,Delta SSPS AJ-10-118K,BOHB,US,924.000?,924,2.4,6,6
D00824,S27871,2003-038A,2003 Aug 25,Spitzer Space Telescope,SIRTF,NASA/JPL,US,922,851,2.1,4.5,4.5
D00825,A06814,2003-038C,2003 Aug 25,SIRTF dust cover,-,NASA/JPL,US,6.000?,6,1.000?,1.000?,0.100?
D00826,S28169,2004-006A,2004 Mar  2,Rosetta,Rosetta,ESA,I-ESA,2965,1295,2,32,2.8
D00827,S28170,2004-006B,2004 Mar  2,EPS 518,EPS S/N 520,AE,F,2850.000?,2850.000?,3.9,4,4.000?
D00828,A06860,2004-006,2004 Mar  2,Philae,Rosetta Lander,ESA,I-ESA,100,100,0.9,2,0.9
D00829,S27949,2003-043C,2003 Sep 27,SMART-1,SMART-1,ESA,I-ESA,370,255,1.2,14,1.2
D00830,S28391,2004-030A,2004 Aug  3,Messenger,MESSENGER,APL,US,1108,513,1.9,6,1.4
D00831,S28392,2004-030C,2004 Aug  3,Star 48B,Star 48B,BOHB,US,134,132,1.1,2.3,2.3
D00832,A06883,2004-030,2004 Aug  3,Star 48 despin weight,-,BOHB,US,1.000?,1,?,1,?
D00833,A06884,2004-030,2004 Aug  3,Star 48 despin weight,-,BOHB,US,1.000?,1,?,1,?
D00834,S28517,2005-001A,2005 Jan 12,DIF,Deep Impact Flyby,NASA,US,973,515,1.7,3.3,3.3
D00835,S28518,2005-001B,2005 Jan 12,Star 48B,Star 48B,BOHB,US,134,132,1.1,2.3,2.3
D00836,A06910,2005-001,2005 Jan 12,Star 48 despin weight,-,BOHB,US,1.000?,1,?,1,?
D00837,A06911,2005-001,2005 Jan 12,Star 48 despin weight,-,BOHB,US,1.000?,1,?,1,?
D00838,A06946,2005-001,2005 Jan 12,DI Impactor,Deep Impact,NASA,US,372.000?,364,1,1,1
D00839,S28788,2005-029A,2005 Aug 12,Mars Reconnaissance Orbiter,MRO,NASA/JPL,US,2180,984,4.000?,13.6,6.5
D00840,S28789,2005-029B,2005 Aug 12,Centaur AV-007,Centaur AV-007,LMSSD,US,2020.000?,2020,3.1,11.7,11.7
D00841,A06996,2005-045B,2005 Nov  9,Fregat,Fregat 14S44 No. 1010,NPOL,RU,6600.000?,1037,3.3,3.3,1.7
D00842,S28901,2005-045A,2005 Nov  9,Venus Express,Venus Express,ESA,I-ESA,1240,670,1.8,8,1.5
D00843,S28928,2006-001A,2006 Jan 19,New Horizons,New Horizons,NASA/APL,US,478,401,2.7,3.000?,0.7
D00844,S28930,2006-001C,2006 Jan 19,Star 48B,Star 48B,NASA/APL,US,2141,132,1.1,2.3,2.3
D00845,A07006,2006-001,2006 Jan 19,New Horizons despin weight,-,NASA/APL,US,0,0,?,?,?
D00846,A07007,2006-001,2006 Jan 19,New Horizons despin weight,-,NASA/APL,US,0,0,?,?,?
D00847,S28929,2006-001B,2006 Jan 19,Centaur AV-010,Centaur AV-010,LMSSD,US,2020.000?,2020,3.1,11.7,11.7
D00848,S29510,2006-047A,2006 Oct 26,STEREO A,STEREO Ahead,GSFC,US,620,560,2.6,8.6,1.5
D00849,S29511,2006-047B,2006 Oct 26,STEREO B,STEREO Behind,GSFC,US,620,560,2.6,8.6,1.5
D00850,A07120,2006-047E,2006 Oct 26,Star 48B,Star 48B,BOHB,US,133,132,1.1,2.3,2.3
D00851,A07121,2006-047,2006 Oct 26,STEREO despin weight,-,BOHB,US,1.000?,1,?,1,?
D00852,A07122,2006-047,2006 Oct 26,STEREO despin weight,-,BOHB,US,1.000?,1,?,1,?
D00853,S32003,2007-034A,2007 Aug  4,Phoenix,Phoenix Lander,NASA/JPL,US,680,343,1.5,5.5,2.2
D00854,S32004,2007-034B,2007 Aug  4,Star 48B,Star 48B,BOHB,US,132,132,1.1,2.3,2.3
D00855,A07257,2007-034,2007 Aug  4,Despin weight,-,BOHB,US,1.000?,1,0.1,9.8,0.1
D00856,A07258,2007-034,2007 Aug  4,Despin weight,-,BOHB,US,1.000?,1,0.1,9.8,0.1
D00857,A07391,2007-034,2007 Aug  4,Phoenix Cruise Stage,Phoenix Cruise Stage,NASA/JPL,US,98.000?,82,2.7,3.6,1.500?
D00858,A07392,2007-034,2007 Aug  4,Phoenix Heat Shield,Phoenix Heat Shield,NASA/JPL,US,62.000?,62,2.000?,2.000?,1.500?
D00859,A07393,2007-034,2007 Aug  4,Phoenix Backshell,Phoenix Backshell,NASA/JPL,US,110.000?,110,2.000?,2.000?,1.500?
D00860,S32054,2007-039A,2007 Sep 14,Kaguya,SELENE,JAXA,J,2885,1720,2.1,30,4.7
D00861,S32055,2007-039B,2007 Sep 14,Okina,RSAT,JAXA,J,45,45,1,1.5,0.7
D00862,S32056,2007-039C,2007 Sep 14,Ouna,VRAD,JAXA,J,53,53,1,1.5,0.7
D00863,S32057,2007-039D,2007 Sep 14,H-2A F13 Stage 2,H-2A Stage 2,JAXA,J,4000,4000,4,9.2,9.2
D00864,S32249,2007-043A,2007 Sep 27,Dawn,Dawn,NASA/JPL,US,1218,747,1.3,19.7,1.8
D00865,S32250,2007-043B,2007 Sep 27,Star 48B,Star 48B,BOHB,US,134,132,1.1,2.3,2.3
D00866,A07289,2007-043,2007 Sep 27,Star 48 despin weight,-,BOHB,US,1.000?,1,?,1,?
D00867,A07290,2007-043,2007 Sep 27,Star 48 despin weight,-,BOHB,US,1.000?,1,?,1,?
D00868,S30581,2007-004B,2007 Feb 17,THEMIS B,THEMIS P1,GSFC,US,125,76,0.8,49.6,0.5
D00869,S32273,2007-051A,2007 Oct 24,Chang'e-1,chang'e yihao weixing,CASC,CN,2352,1000.000?,1.7,18.000?,2.2
D00870,S33401,2008-051A,2008 Oct 19,IBEX,IBEX,GSFC,US,107,80,1,1,0.6
D00871,S33404,2008-051D,2008 Oct 19,IBEX kick motor,Star 27H,GSFC,US,361.000?,24,0.7,1.2,1.2
D00872,S33405,2008-052A,2008 Oct 22,Chandrayaan-1,Chandrayaan-1,ISRO,IN,1380,496,1.5,2.000?,1.5
D00873,A07423,2008-052,2008 Oct 22,MIP,Moon Impact Probe,ISRO,IN,29,29,0.4,0.5,0.5
D00874,S34380,2009-011A,2009 Mar  7,Kepler,Kepler,ARC,US,1052,1040,2.7,4.7,4.7
D00875,S34381,2009-011B,2009 Mar  7,Star 48B,Star 48B,BOHB,US,133,132,1.1,2.3,2.3
D00876,A07471,2009-011,2009 Mar  7,Kepler despin weight,-,BOHB,US,1.000?,1,?,1,?
D00877,A07472,2009-011,2009 Mar  7,Kepler despin weight,-,BOHB,US,1.000?,1,?,1,?
D00878,A07507,2009-011,2009 Mar  7,Kepler dust cover,-,ARC,US,8,8,1.7,1.7,0.100?
D00879,S34937,2009-026A,2009 May 14,Herschel,Herschel,ESA,I-ESA,3402,3146,4.5,9,7.5
D00880,S34938,2009-026B,2009 May 14,Planck,Planck,ESA,I-ESA,1921,1537,4.5,4.500?,4
D00881,S34939,2009-026C,2009 May 14,ESC-A 546,Ariane 5 ESC-A,AE,F,5000.000?,5000.000?,5.5,7,7
D00882,S34940,2009-026D,2009 May 14,Sylda 5F,Sylda 5F,AE,F,440,440,4.5,4.9,4.9
D00883,A07542,2009-026,2009 May 14,HPO4,Unid debris,ESA,I-ESA,0,0,?,?,?
D00884,A07543,2009-026,2009 May 14,HPO5,Ice from ESC-A?,ESA,I-ESA,0,0,?,?,?
D00885,S35315,2009-031A,2009 Jun 18,Lunar Reconnaissance Orbiter,LRO,GSFC,US,1916,1018,2.6,6,3.9
D00886,S35316,2009-031B,2009 Jun 18,LCROSS Shepherding S/C,S-S/C,ARC,US,891,585,2.6,3.3,2
D00887,S35317,2009-031C,2009 Jun 18,LCROSS EDUS,Centaur AV-020,ARC,US,2305,2020,3.1,11.7,11.7
D00888,S30582,2007-004C,2007 Feb 17,THEMIS C,THEMIS P2,GSFC,US,125,76,0.8,49.6,0.5
D00889,S35952,2009-057B,2009 Oct 18,Centaur AV-017,Centaur AV-017,ULAL,US,2020.000?,2020,3.1,11.7,11.7
D00890,S36515,2010-015B,2010 Apr 22,Centaur AV-012,Centaur AV-012,ULAL,US,2020.000?,2020,3.1,11.7,11.7
D00891,S36576,2010-020D,2010 May 20,Akatsuki,PLANET-C,JAXA,J,647,327,1,5.000?,1.5
D00892,S36577,2010-020E,2010 May 20,Ikaros,Ikaros,JAXA,J,315,315,1.6,20,1
D00893,S36578,2010-020F,2010 May 20,Shi'nen,Unitec-1,UNIS,J,26,26,0.4,0.4,0.4
D00894,S36579,2010-020G,2010 May 20,H-2A F17 Stage 2,H-2A Stage 2,JAXA,J,4000,4000,4,9.2,9.2
D00895,S36580,2010-020H,2010 May 20,PAF900M,Adapter,JAXA,J,30.000?,30.000?,1.500?,1.500?,1.500?
D00896,A07739,2010-020,2010 May 20,Ikaros tip mass,-,JAXA,J,0,0,0.1,0.1,0.1
D00897,A07740,2010-020,2010 May 20,Ikaros tip mass,-,JAXA,J,0,0,0.1,0.1,0.1
D00898,A07741,2010-020,2010 May 20,Ikaros tip mass,-,JAXA,J,0,0,0.1,0.1,0.1
D00899,A07742,2010-020,2010 May 20,Ikaros tip mass,-,JAXA,J,0,0,0.1,0.1,0.1
D00900,A07751,2010-020,2010 May 20,DCAM-2,DCAM-2,JAXA,J,1.000?,1.000?,0.1,0.1,0.1
D00901,A07753,2010-020,2010 May 20,DCAM-1,DCAM-1,JAXA,J,1.000?,1.000?,0.1,0.1,0.1
D00902,S37174,2010-050A,2010 Oct  1,Chang'e-2,chang'e erhao weixing,CASC,CN,2480,1000.000?,1.7,18.000?,2.2
D00903,S37175,2010-050B,2010 Oct  1,CZ-3C Y7 Stage 3,CZ-3C Stage 3,CASC,CN,2800.000?,2800.000?,3,12.4,12.4
D00904,A07866,2011-037,2011 Jul 18,Fregat-SB No. 2002,Fregat-SB    No. 2002,NPOL,RU,1000,1000,3.3,3.3,1.7
D00905,S37755,2011-037A,2011 Jul 18,Spektr-R,RadioAstron,BABTS/FIAN,RU,3660,3160.000?,2.000?,18.000?,3.800?
D00906,S37773,2011-040A,2011 Aug  5,Juno,Juno,NASA/JPL,US,3625,1593,3.5,20,3.5
D00907,S37774,2011-040B,2011 Aug  5,Centaur AV-029,Centaur AV-029,LMSSD,US,2020.000?,2020,3.1,11.7,11.7
D00908,S37803,2011-046C,2011 Sep 10,Delta 356,Delta SSPS AJ-10-118K,BOHB,US,924.000?,924,2.4,6,6
D00909,S37801,2011-046A,2011 Sep 10,Ebb,GRAIL A,NASA/JPL,US,307,201,0.8,1.1,1.1
D00910,S37802,2011-046B,2011 Sep 10,Flow,GRAIL B,NASA/JPL,US,307,201,0.8,1.1,1.1
D00911,S37936,2011-070A,2011 Nov 26,Curiosity,Mars Science Lab Rover,NASA/JPL,US,3839,899,1.500?,3.000?,2.100?
D00912,A07947,2011-070A,2011 Nov 26,MSL Cruise Stage,Mars Science Lab Cruise,NASA/JPL,US,539.000?,500.000?,4.4,4.4,0.6
D00913,A07948,2011-070A,2011 Nov 26,CBMD 1,Cruise Balance Mass Device 1,NASA/JPL,US,75.000?,75,0.100?,0.100?,0.100?
D00914,A07949,2011-070A,2011 Nov 26,CBMD 2,Cruise Balance Mass Device 2,NASA/JPL,US,75.000?,75,0.100?,0.100?,0.100?
D00915,A07950,2011-070A,2011 Nov 26,EBMD 1,Entry Balance Mass Device 1,NASA/JPL,US,25.000?,25,0.100?,0.100?,0.100?
D00916,A07951,2011-070A,2011 Nov 26,EBMD 2,Entry Balance Mass Device 2,NASA/JPL,US,25.000?,25,0.100?,0.100?,0.100?
D00917,A07952,2011-070A,2011 Nov 26,EBMD 3,Entry Balance Mass Device 3,NASA/JPL,US,25.000?,25,0.100?,0.100?,0.100?
D00918,A07953,2011-070A,2011 Nov 26,EBMD 4,Entry Balance Mass Device 4,NASA/JPL,US,25.000?,25,0.100?,0.100?,0.100?
D00919,A07954,2011-070A,2011 Nov 26,EBMD 5,Entry Balance Mass Device 5,NASA/JPL,US,25.000?,25,0.100?,0.100?,0.100?
D00920,A07955,2011-070A,2011 Nov 26,EBMD 6,Entry Balance Mass Device 6,NASA/JPL,US,25.000?,25,0.100?,0.100?,0.100?
D00921,A07956,2011-070A,2011 Nov 26,MSL Heat Shield,Mars Science Lab Aeroshell,NASA/JPL,US,382.000?,382,4.5,4.5,1.000?
D00922,A07957,2011-070A,2011 Nov 26,MSL Backshell,Mars Science Lab Backshell,NASA/JPL,US,349.000?,349,4.5,4.5,2.200?
D00923,A07958,2011-070A,2011 Nov 26,MSL Descent stage,Mars Science Lab Lander,NASA/JPL,US,1369.000?,979,3.000?,1.500?,1.500?
D00924,S37937,2011-070B,2011 Nov 26,Centaur AV-028,Centaur AV-028,LMSSD,US,2020.000?,2020,3.1,11.7,11.7
D00925,S39085,2013-008B,2013 Feb 11,Centaur AV-035,Centaur AV-035,ULAL,US,2020.000?,2020,3.1,11.7,11.7
D00926,S39246,2013-047A,2013 Sep  7,LADEE,LADEE,ARC,US,383,248,1.9,2.4,2.4
D00927,A08037,2013-047,2013 Sep  7,LADEE despin weight,-,OSCC,US,0,0,?,?,?
D00928,A08038,2013-047,2013 Sep  7,LADEE despin weight,-,OSCC,US,0,0,?,?,?
D00929,A08053,2013-047,2013 Sep  7,LADEE NMS BOC,NMS Breakoff Cap,ARC,US,0,0,?,?,?
D00930,S39370,2013-060A,2013 Nov  5,Mars Orbiter Mission,Mars Orbiter Spacecraft,ISRO,IN,1337,483,1.5,6.000?,1.5
D00931,S39378,2013-063A,2013 Nov 18,MAVEN,MAVEN,GSFC,US,2454,809,2,11.4,2.3
D00932,S39379,2013-063B,2013 Nov 18,Centaur AV-038,Centaur AV-038,ULAL,US,2020.000?,2020,3.1,11.7,11.7
D00933,A08552,2013-063,2013 Nov 18,NGIMS BOC,MAVEN NGIMS Break-Off Cap,GSFC,US,0,0,0.1,0.1,0.1
D00934,S39458,2013-070A,2013 Dec  1,Chang'e-3,Chang'e-3,CASC,CN,3780,1200,1.7,10.000?,2.2
D00935,S39459,2013-070B,2013 Dec  1,CZ-3B Y23 Stage 3,CZ-3B Stage 3,CASC,CN,2800.000?,2800.000?,3,12.4,12.4
D00936,A08071,2013-070,2013 Dec  1,Yutu,Chang'e-3 Rover,CASC,CN,140,140,1.500?,1.5,1.000?
D00937,S39479,2013-074A,2013 Dec 19,Gaia,Gaia,ESA,I-ESA,1934,1392,3,9.5,4.000?
D00938,S39480,2013-074B,2013 Dec 19,Fregat-MT No. 1040,Fregat-MT    No. 1040,NPOL,RU,1050,1050,3.3,3.3,1.7
D00939,S39631,2014-015B,2014 Apr  3,Centaur AV-044,Centaur AV-044,ULAL,US,2020.000?,2020,3.1,11.7,11.7
D00940,S40116,2014-048B,2014 Aug 13,Centaur AV-047,Centaur AV-047,ULAL,US,2020.000?,2020,3.1,11.7,11.7
D00941,S40283,2014-065A,2014 Oct 23,Chang'e-5 FTD,Chang'e 5 feixing shiyan qi,CNSA,CN,2480,1000.000?,1.7,18.000?,2.2
D00942,S40284,2014-065B,2014 Oct 23,CZ-3C/G2  Stage 3,CZ-3C Stage 3,CASC,CN,2800.000?,2800.000?,3,12.4,12.4
D00943,A08292,2014-065,2014 Oct 23,Chang'e-5 FTD RV,Reentry vehicle,CASC,CN,335,335,1.2,1.2,1.2
D00944,A08293,2014-065,2014 Oct 23,4M,Manfred Mem. Moon Mission,LUXS,L,14,14,0.100?,0.300?,0.300?
D00945,S40319,2014-076A,2014 Dec  3,Hayabusa 2,Hayabusa-2,ISASJ,J,600,446,1,6,1.6
D00946,S40320,2014-076B,2014 Dec  3,Fuji-OSCAR-82,Shin'en-2,KYUT,J,17.7,17.7,0.48,0.49,0.49
D00947,S40321,2014-076C,2014 Dec  3,DESPATCH,ARTSAT-2,TAMA,J,32,32,0.5,0.5,0.45
D00948,S40322,2014-076D,2014 Dec  3,PROCYON,PROCYON,TOK/ISASJ,J,65,62.5,0.55,1.5,0.55
D00949,S40323,2014-076E,2014 Dec  3,H-2A F25 Stage 2,H-2A Stage 2,JAXA,J,4000,4000,4,9.2,9.2
D00950,A08302,2014-076,2014 Dec  3,Hayabusa 2 Return Capsule,Sai totsunyu kapuseru,ISASJ,J,16.000?,16,0.4,0.4,0.2
D00951,A08303,2014-076,2014 Dec  3,Minerva II-1,Minerva II-1 canister,ISASJ,J,0.500?,0.5,0.16,0.5,0.5
D00952,A08304,2014-076,2014 Dec  3,Minerva II-2,Minerva II-2 caniser,ISASJ,J,0.400?,0.4,0.16,0.25,0.3
D00953,A08305,2014-076,2014 Dec  3,Minerva II-1 Rover 1A,Minerva II-1A,ISASJ,J,1.000?,1,0.15,0.25,0.25
D00954,A08306,2014-076,2014 Dec  3,Minerva II-1 Rover 1B,Minerva II-1B,ISASJ,J,1.000?,1,0.15,0.25,0.25
D00955,A08307,2014-076,2014 Dec  3,Minerva II-2 Rover 2,Minerva II-2,ISASJ,J,1.200?,1.2,0.15,0.25,0.25
D00956,A08308,2014-076,2014 Dec  3,MASCOT,MASCOT,DLR,D,9.800?,9.8,0.29,0.3,0.195
D00957,A08309,2014-076,2014 Dec  3,SCI,Self Contained Impactor,ISASJ,J,14.000?,4,0.21,0.3,0.3
D00958,A08310,2014-076,2014 Dec  3,DCAM-3,DCAM-3,ISASJ,J,1.000?,1.000?,0.078,0.081,0.081
D00959,A08311,2014-076,2014 Dec  3,Target Marker A,Tagettomaka,ISASJ,J,0.300?,0.300?,0.1,0.1,0.1
D00960,A08312,2014-076,2014 Dec  3,Target Marker B,Tagettomaka,ISASJ,J,0.300?,0.300?,0.1,0.1,0.1
D00961,A08313,2014-076,2014 Dec  3,Target Marker C,Tagettomaka,ISASJ,J,0.300?,0.300?,0.1,0.1,0.1
D00962,A08314,2014-076,2014 Dec  3,Target Marker D,Tagettomaka,ISASJ,J,0.300?,0.300?,0.1,0.1,0.1
D00963,A08315,2014-076,2014 Dec  3,Target Marker E,Tagettomaka,ISASJ,J,0.300?,0.300?,0.1,0.1,0.1
D00964,S40391,2015-007B,2015 Feb 11,Falcon 9-015 Stage 2,F9-015 St2,SPX,US,3000.000?,3000.000?,3.6,12.6,12.600?
D00965,S40390,2015-007A,2015 Feb 11,DSCOVR,Deep Space Climate Obsy.,NOAA,US,570,425,1.37,7.000?,1.87
D00966,S41929,2015-019C,2015 Mar 30,Yuanzheng-1 Y1,YZ-1,CASC,CN,2075,2075,3,4,4
D00967,S41043,2015-070A,2015 Dec  3,LISA Pathfinder,LISA,ESA,I-ESA,1906,486,2.3,2.3,1
D00968,A08465,2015-070,2015 Dec  3,LPF PRM,LPF Propulsion Module,ESA,I-ESA,1420.000?,320,2.1,2.1,1.9
D00969,S41388,2016-017A,2016 Mar 14,ExoMars Trace Gas Orbiter,ExoMars TGO,ESA,I-ESA,4332,1365,2,17.5,3.2
D00970,S41389,2016-017B,2016 Mar 14,Briz-M No. 99560,Briz-M 14S43 No. 99560,KHRR,RU,1600.000?,1600,2.5,2.6,2.6
D00971,A08532,2016-017,2016 Mar 14,Schiaparelli,EDM Surface Package,ESA,I-ESA,600,280,1.65,1.7,0.500?
D00972,A08533,2016-017,2016 Mar 14,EXM-EDM Front Shield,ExoMars EDM-FS,ESA,I-ESA,200.000?,200,2.4,2.4,0.600?
D00973,A08534,2016-017,2016 Mar 14,EXM-EDM Back Cover,ExoMars EDM-BCV,ESA,I-ESA,54.000?,54,2.4,2.4,0.900?
D00974,A08535,2016-017,2016 Mar 14,EXM-EDM Parachute,ExoMars EDM Parachute,ESA,I-ESA,20.000?,20,12,27,27
D00975,S41757,2016-055A,2016 Sep  8,OSIRIS-REx,OSIRIS-REx,GSFC,US,2110,834,2.4,6.2,3.2
D00976,S41758,2016-055B,2016 Sep  8,Centaur AV-067,Centaur AV-067,ULAL,US,2020.000?,2020,3.1,11.7,11.7
D00977,A08475,2016-055,2016 Sep  8,OSIRIS-REx SRC,Sample Return Capsule,JPL,US,46,46,0.5,0.81,0.81
D00978,S41856,2016-067J,2016 Nov 11,Centaur AV-062,Centaur AV-062,ULAL,US,2020.000?,2020,3.1,11.7,11.7
D00979,S40482,2015-011A,2015 Mar 13,MMS 1,Magnetospheric Multiscale,GSFC,US,1360,1000,3.6,112,1.2
D00980,S40485,2015-011D,2015 Mar 13,MMS 4,Magnetospheric Multiscale,GSFC,US,1360,1000,3.6,112,1.2
D00981,S40484,2015-011C,2015 Mar 13,MMS 3,Magnetospheric Multiscale,GSFC,US,1360,1000,3.6,112,1.2
D00982,S40483,2015-011B,2015 Mar 13,MMS 2,Magnetospheric Multiscale,GSFC,US,1360,1000,3.6,112,1.2
D00983,S06197,1972-073A,1972 Sep 23,IMP 7,IMP H,GSFC,US,390,266,1.4,8.2,1.6
D00984,S06203,1972-073C,1972 Sep 23,Star 37C S/N 40018,Star 37C,GSFC,US,83,83,0.9,1.9,1.9
D00985,S06204,1972-073D,1972 Sep 23,Star 37C yo weight?,-,GSFC,US,0,0,?,?,?
D00986,A02186,1972-073,1972 Sep 23,Star 17A,Star 17A,GSFC,US,125.000?,12,0.4,1,1
D00987,A08685,1997-061,1997 Oct 15,Huygens GCMS inlet cap,-,ESA,I-ESA,0.000?,0.000?,?,?,?
D00988,A08686,1997-061,1997 Oct 15,Huygens GCMS outlet cap,-,ESA,I-ESA,0.000?,0.000?,?,?,?
D00989,A08687,1997-061,1997 Oct 15,Huygens DISR cover,-,ESA,I-ESA,3.000?,3.000?,0.100?,0.200?,0.1
D00990,A08688,1997-061,1997 Oct 15,Huygens ACP inlet cap,-,ESA,I-ESA,0.000?,0.000?,?,?,?
D00991,A08689,1997-061,1997 Oct 15,Cassini CIRS telescope cover,-,NASA/JPL,US,1.000?,1.000?,0.400?,0.400?,?
D00992,A09093,2018-017B,2018 Feb  6,Falcon Heavy-001 Stage 2,FH-001 St2,SPX,US,4000.000?,4000.000?,3.6,12.6,12.600?
D00993,S43205,2018-017A,2018 Feb  6,Tesla Roadster,Tesla Roadster,SPX,US,1000.000?,1000.000?,1.1,3.9,3.9
D00994,S43436,2018-038B,2018 Apr 18,Falcon 9-054 Stage 2,F9-054 St2,SPX,US,3000.000?,3000.000?,3.6,12.6,12.600?
D00995,S43435,2018-038A,2018 Apr 18,TESS,TESS,GSFC,US,362,317,1.2,3.7,1.5
D00996,S43460,2018-042D,2018 May  5,Centaur AV-078,Centaur AV-078,ULAL,US,2020.000?,2020,3.1,11.7,11.7
D00997,S43457,2018-042A,2018 May  5,Mars InSight Lander,Mars InSight,NASA/JPL,US,694,358,1.6,6,1.1
D00998,S43458,2018-042B,2018 May  5,MarCO-A,Mars Cube One,NASA/JPL,US,13.5,13.5,0.2,0.8,0.3
D00999,S43459,2018-042C,2018 May  5,MarCO-B,Mars Cube One,NASA/JPL,US,13.5,13.5,0.2,0.8,0.3
D01000,A09124,2018-042A,2018 May  5,Mars InSight Cruise Stage,Mars InSight Cruise Stage,NASA/JPL,US,79.000?,79,0.95,3.4,0.300?
D01001,A09125,2018-042,2018 May  5,Mars InSight Back Shell,InSight Aeroshell,NASA/JPL,US,63.000?,63.000?,2.64,2.6,0.5
D01002,A09126,2018-042,2018 May  5,Mars InSight Heat Shield,InSight Aeroshell,NASA/JPL,US,189,126.000?,2.64,2.6,1.1
D01003,A09127,2018-042,2018 May  5,Mars InSight Parachute,InSight Parachute,NASA/JPL,US,0,0.000?,11.8,26,1.1
D01004,S43473,2018-045D,2018 May 20,CZ-4C Y27 Stage 3,CZ-4C Stage 3,CNSA,CN,1000.000?,1000.000?,2.9,7.5,7.5
D01005,S43470,2018-045A,2018 May 20,Queqiao,Chang'e-4 Relay,CASC,CN,425,325,1.500?,4.200?,2.000?
D01006,S43471,2018-045B,2018 May 20,Longjiang 1,DSLWP-A,CASC/HARB,CN,45,45,0.4,0.5,0.5
D01007,S43472,2018-045C,2018 May 20,Longjiang 2,DSLWP-B,CASC/HARB,CN,45,45,0.4,0.5,0.5
D01008,S43592,2018-065A,2018 Aug 12,Parker Solar Probe,Parker Solar Probe,GSFC,US,685,605,2.3,3,3
D01009,S43594,2018-065C,2018 Aug 12,Delta 380 Third Stage,Star 48BV,GSFC,US,140.000?,140.000?,1.4,2.1,2.1
D01010,S43593,2018-065B,2018 Aug 12,Delta 380,DCSS-5 F20,ULAB,US,3450,3450,5,12,12
D01011,A09203,2016-055,2016 Sep  8,TAGSAM cover,TAGSAM cover,GSFC,US,1.2,1.2,0.300?,0.300?,0.010?
D01012,S43654,2018-080B,2018 Oct 20,ESC-A L5105,Ariane 5 ESC-A,AE,F,5000.000?,5000.000?,5.5,7,7
D01013,A09205,2018-080D,2018 Oct 20,BepiColombo MTM,Mercury Transfer Module,ESA,I-ESA,1872.000?,1134,3.900?,30.4,1.500?
D01014,S43653,2018-080A,2018 Oct 20,BepiColombo MPO,Mercury Planetary Orbiter,ESA,I-ESA,4121,1169,3.9,6,1.7
D01015,A09206,2018-080E,2018 Oct 20,BepiColombo MOSIF,MMO Sunshade and Interface,ESA,I-ESA,127.000?,127,2.200?,2.200?,1.900?
D01016,A09204,2018-080C,2018 Oct 20,Mio,Mercury Magnetospheric Orb.,JAXA,J,285.000?,285,1.8,30,0.9
D01017,S43845,2018-103A,2018 Dec  7,Chang'e-4,Chang'e-4,CASC,CN,3780,1200,1.7,10.000?,2.2
D01018,S43846,2018-103B,2018 Dec  7,CZ-3B Y30 Stage 3,CZ-3B Stage 3,CASC,CN,2800.000?,2800.000?,3,12.4,12.4
D01019,A09236,2018-103,2018 Dec  7,Yutu-2,Chang'e-4 Rover,CASC,CN,140,140,1.500?,1.5,1.000?
D01020,S44049,2019-009B,2019 Feb 22,B'reshit,Beresheet,SPAIL,IL,585,150,2,2.3,1.5
D01021,S44432,2019-040A,2019 Jul 13,Spektr-RG,Spectrum X-Gamma,RKA,RU,2712,2600.000?,4,10,6
D01022,S44433,2019-040B,2019 Jul 13,Blok DM-03 No. 4L,11S861-03 No. 4L,KVR,RU,2440,2440,3.7,7.1,7.1
D01023,S44441,2019-042A,2019 Jul 22,Chandrayaan-2,Chandrayaan-2 Orbiter,ISRO,IN,3850,682,2.1,10.000?,5.8
